id,Name,priority
197166,pinboard,2
202638,Carbon Monoxide Sensors,2
197180,Lockers; Gun,2
196902,Lockers; Sloping top,2
196960,Lockers; Steel; Double Enamel Finish,2
196901,Lockers; Steel; Four Tier; Enamel Fnish,2
196959,Lockers; Steel; Single Enamel Finish,1
196903,Lockers; Two Tier; Sloping top,2
197182,Lockers; Weapons; Long arms; capacity 10,2
197181,Lockers; Weapons; SIde arms; capacity 30,2
196902,Lockers; Storage,2
203749,Bollards; Aluminium Cast; Removable,2
203816,Bollards; Brick,2
203751,Bollards; Galvanised; Fixed; 1.2m,2
203742,Bollards; Galvanised; Fixed; Bike Barrier,3
203746,Bollards; Galvanised; Lockable; 1.2m,3
203741,Bollards; Path Lighting; Commercial,3
203748,Bollards; Powder Coat; Security; 1m,3
203750,Bollards; Stainless Steel; Fixed; 1m,2
203747,Bollards; Steel; Painted,3
203752,Bollards; Timber; Painted; 1m,2
203744,Bollards; Timber; Painted; 2m,3
203747,Bollards; Metal - Painted,2
202863,VSD; Small,2
202863,Air Curtain; VSD,2
202863,VSD,2
202625,AC; FCU; 10000cfm,2
202626,AC; FCU; 18000cfm,2
202529,AC; FCU; 2000cfm,2
202410,AC; FCU; 30000cfm,2
202833,AC; FCU; 6000cfm,2
202294,FCU; 280L/s; 630 cfm,2
202295,FCU; 570L/s; 1200 cfm,2
202848,HWU; Electric; 4500kW,2
202568,HWU; Electric; Domestic; 50L,2
202566,HWU; Gas; Commercial; 315L,2
202918,HWU; Gas; Commercial; 340L Storage,2
202565,HWU; Gas; Domestic; 18L,2
202567,HWU; Gas; Domestic; 90L,2
202917,HWU; Instantaneous Gas; Commercial; 32L,2
202569,HWU; Solar; 300L,2
202822,HWU; Zip,2
202314,TMV,2
197090,CookTops Oven; Gas; Commercial; Stainless Steel,2
197079,CookTops; Electric; Domestic,2
197083,CookTops; Electric; Domestic Small,2
197058,CookTops; Gas; Commercial; 6 Burner,2
197080,CookTops; Gas; Domestic,2
197084,CookTops; Gas; Domestic,2
197080,Gas CookTops,2
197079,CookTops - Domestic; Electric,2
197058,CookTops - Commercial; 6 Burner Electric,2
197090,Cook Tops Oven; Gas; Commercial; Stainless Steel,2
197079,Cook Tops; Electric; Domestic,2
197083,Cook Tops; Electric; Domestic Small,2
197058,Cook Tops; Gas; Commercial; 6 Burner,2
197080,Cook Tops; Gas; Domestic,2
197084,Cook Tops; Gas; Domestic,2
197080,Gas Cook Tops,2
197079,Cook Tops - Domestic; Electric,2
197058,Cook Tops - Commercial; 6 Burner Electric,2
197090,Cooktop Oven; Gas; Commercial; Stainless Steel,2
197079,Cooktop; Electric; Domestic,2
197083,Cooktop; Electric; Domestic Small,2
197058,Cooktop; Gas; Commercial; 6 Burner,2
197080,Cooktop; Gas; Domestic,2
197084,Cooktop; Gas; Domestic,2
197080,Gas Cooktop,2
197079,Cooktop - Domestic; Electric,2
197058,Cooktop - Commercial; 6 Burner Electric,2
197414,Cupboards; UnderBenches; Stainless Steel,2
197422,Cupboards; UnderBenches; Timber Laminated,2
197417,Cupboards; UnderBenches;Timber Laminated,2
202396,Cupboards; Fume,2
197414,Cupboards; Underbench; Stainless Steel,2
197422,Cupboards; Underbench; Timber Laminated,2
197417,Cupboards; Underbench;Timber Laminated,2
197419,Cupboards; Wall Hung,2
197409,Cupboards; Wardrobe,2
197409,Cupboards - Wardrobe; Cloak,2
202396,Fume Cupboards; Chemical Lab,2
202396,FUME Cupboards; FUMECUP,2
197024,Barbecue; Commercial,2
203987,Barbecue; Electric,3
203986,Barbecue; Gas,2
203914,Barbecue; Gas Bottle,2
203989,Barbecue; Wood Fired,3
197166,Pinboardss,2
197228,Benches; Aluminium; Stadium,2
196765,Benches; Judge; 2.5m Modular,2
196766,Benches; Solicitor; 5m Modular,3
197229,Benches; Timber; Stadium,2
196899,Seat; Aluminium; Benches; HD Perofated,2
204026,Seat; Aluminium; Flat top Benches,2
196769,Seat; Court Benches,2
203939,Seat; Plastic; Fixed Benches,2
203945,Seat; Timber; Flat top Benches,2
197237,Benches; Aluminium,2
197235,Benches; Timber; Upholstered,2
196897,Table; Aluminium Benches; Combined Unit,2
202678,Benches Press; Gym,2
196831,Benches; Gym,2
202670,Benches Drill,2
202730,Benches Grinder,2
202797,Drill; Benches Mounted,2
202711,Table; Benches Saw,2
202783,WorkBenches; Router Table,2
203848,Park; Benches,2
203981,Park; Benches; Aluminium,2
197426,Benches; Laminate; Working Bench,2
196967,Benches; Shelves,2
197414,Cup Board; UnderBenches; Stainless Steel,2
197422,Cup Board; UnderBenches; Timber Laminated,2
197417,Cup Board; UnderBenches;Timber Laminated,2
197414,Cupboard; UnderBenches; Stainless Steel,2
197422,Cupboard; UnderBenches; Timber Laminated,2
197417,Cupboard; UnderBenches;Timber Laminated,2
197230,Seat; Aluminium; Fixed continuous Benches,2
197654,Wall - Carpet; Fabric (Benches Seating),2
202711,Benches Saw,2
202735,Benches Sander,2
197237,Benches seat,2
197237,Stainless steel Benches seat,2
202730,Workshop Benches Grinder,2
197076,UnderBenches fridge,2
202822,UnderBenches hot water unit,2
197480,Basins; Acrylic; Vanity,2
197463,Basins; Stainless Steel; Vanity,2
197460,Basins; Stainless Steel; Wall Mounted,3
197481,Basins; Vitreous China; Vanity,2
197494,Tap Set; Basins; Combination,2
197616,Floor; Steel Checkered Plate; Galvanised,2
202760,Air Curtain; Commercial,2
202435,Air Curtain; Industrial,2
202522,AC Supply; Louvre Diffuser; 630mm,2
202516,Air Diffuser; Linear; 3 Slot,2
202468,Duct; Sheet Metal; Rectangular; 0.5m girth,2
202475,Duct; Sheet Metal; Rectangular; 1.0m girth,2
202478,Duct; Sheet Metal; Spiral; 200mm,2
202479,Duct; Sheet Metal; Spiral; 400mm,2
202480,Duct; Sheet Metal; Spiral; 630mm,2
202378,Room AC; Vent; High Security,2
202315,Valve; Air Bleed Valve; 20m,2
202613,Filters; Air; HEPA; Dry Arrestance,2
202613,Filter; Air; HEPA; Dry Arrestance,2
202444,Filter; Air; HEPA; Dry Arrestance; Woven Media,2
202863,Variable Speed Drive; Small,2
202863,Air Curtain; Variable Speed Drive,2
196798,Amplifier; Home Theatre,2
196859,Audio Conference System,2
202673,Audiometer,2
196862,AV Controller,2
197147,Camera,2
196848,Cassette Deck,2
196839,CD Writer,2
196860,Dual Communication Port Card,2
196853,DVD VCR player,2
196877,Enclosure; Video Audio Switcher,3
196810,Foosball Table,3
196807,Guitar,3
196863,Headphone Distribution Amplifier,2
196866,Headphones,2
196864,Hearing Loop Amplifier,2
196865,Hearing Loop Cable,2
196867,Integrated Control System,2
196812,Karaoke Microphone,2
196881,Microphone Reciever; UHF,2
196868,Microphone; Gooseneck,2
196806,Piano,2
196872,PIP Processor,2
196870,Plasma Monitor,2
196858,Power Amplifier,2
196873,Power Supply,2
196855,Projection Screen,2
196856,Projection Screen; Pull Down,2
196857,Projector; Data; Ceiling Mounted,2
196882,Radio Microphone; UHF; Hand held,1
202942,Radio Monitor; Fixed,2
196852,Radio; CD player,2
197159,Radio; Desk,2
196818,Screen Printing Carousel,2
196880,Signal Processor,2
196871,Signal Processor; Output,2
196796,Stereo System,2
196851,Television - LCD - Widescreen 81cm,2
196854,Television - LCD 38cm,2
196850,Television - 68cm,3
196850,Television - LCD 68cm,2
196874,Touch Panel; Lectern,2
196879,Touch Panel; Wireless; Viewpoint,2
196797,Trolley; Television,2
196885,VGA Line Driver,3
196887,VGA Multitasker,2
196813,Video Camera,3
196847,Video Camera; HDD,3
196883,Video Cassette Recorder,2
202674,Video Conference System,2
196884,Video Conference System; Large,2
196814,Video Player,2
196886,Video Scaler,2
197467,Bath; Acrylic,2
197468,Spa; Acrylic; white,3
197433,Blind; Roller; Black Out,2
197433,Blind; Roller; Holland,2
197432,Blind; Venetian; Aluminium,2
197435,Blind; Vertical; HD Cotton,3
197429,Curtain Tracks,3
197429,Curtain Track,3
197434,Curtain; Drape,2
197434,Curtains; Drape,2
197434,Curtains; Drapes,2
197434,Curtain; Drapes,2
202437,Water Boiler; 5L,2
202524,Water Boiler; Gas; 5 Bar; 175kW,2
202551,Water Boiler; Gas; 5 Bar; 2500kW,2
202571,Water Boiler; Gas; 8 Bar; 2500kW,2
202326,Sensor; Carbon Dioxide,2
202326,Sensor; Gas,2
202326,Detector; Carbon Dioxide,2
202326,Detector; Gas,2
202464,Fire Suppression System; Carbon Dioxide; FM100/200,2
202327,Monitor; Gas,2
197628,Floor; Carpet Tiles; Commercial,2
197628,Floor; Carpet Tile; Commercial,2
197628,Floor; Carpet Tiles,2
197628,Floor; Carpet Tile,2
197623,Floor; Carpet Tiles; Domestic,2
197623,Floor; Carpet Tile; Domestic,2
197623,Floor; Carpet Tile,2
197623,Floor; Carpet Tiles,2
197603,Floor; Carpet; Commercial,2
197602,Floor; Carpet; Tufted Wool,2
197599,Ceiling; Cement Render,2
197600,Ceiling; Concrete,2
196776,Ceiling; Concrete; Heavy Duty,2
197593,Ceiling; Corrugated Metal,2
196784,Ceiling; Expanded Mesh; HD Steel,2
197594,Ceiling; Fibre Cement,2
197596,Ceiling; Fibre Cement; Heavy Duty,2
197587,Ceiling; Fibrous Plasterboard,2
197588,Ceiling; Pine Timber Strip,2
197583,Ceiling; Plaster,2
197579,Ceiling; Plasterboard; Fireproof,2
197598,Ceiling; Plasterboard; Heavy Duty; 13mm,2
197590,Ceiling; Plywood; Suspended,2
197591,Ceiling; Timber Laminate,2
197601,Ceiling; Vermiculite,3
197648,Paint; Ceiling,2
197648,Paint; Ceiling Lining,2
197647,Paint; Ceiling Lining; Acrylic,2
197653,Paint; Ceiling Lining; Acrylic; Heavy Duty,2
202310,Water Cooler; 15L,2
202304,Water Cooler; Floor Mount; Bubbler,2
202309,Water Cooler; Floor Mount; Twin Bubbler,2
202545,Water Reticulation System; AC Chilled; Condenser,2
202647,Evaporative Cooler; 12000m3/hr,2
202441,Evaporative Cooler; 21000m3/hr,2
202442,Evaporative Cooler; 51000m3/hr,3
202349,Air Chiller; Helical Rotary; 1000kW,2
202440,Air Chiller; Helical Rotary; 200kW,3
202439,Air Chiller; Helical Rotary; 300kW,2
202543,Air Chiller; Helical Rotary; 600kW,2
202352,Cooling Tower,3
202549,Cooling Tower; 1.2MW,3
197276,Shade Structure; Vertical Vergola; Automatic,2
197277,Shade Structure; Vertical Vergola; Manual,2
197202,Automatic Door; Correctional Services,2
197203,Automatic Gate,2
196894,Bed; High Security,2
197420,Counter; Reception; Prestige,2
197208,Detection; Mobile Phone,2
196787,Door Frame; Steel; Reinforced HD,2
196768,Door; Security; Prison,2
197247,Door; Security; Steel,2
197503,Door; Security; Steel,2
197512,Door; Security; Steel; Prison Glass,2
197505,Door; Security; Timber Solid; Glass view,2
203822,Fence: high security; razer full height; 6000mm hi,2
203921,Fence; Chainmesh; Barb Wire; 2.1m,2
203824,Fence; Chainmesh; Razor Wire; 3.6m,2
203861,Fence; Electrified,2
203823,Fence; Razor Wire; High Security; 6m,2
196781,Floor; Steel Mesh; Heavy Duty,2
203912,Gal welded mesh; tubular posts; roll top - m2,1
197204,Gate; Swing; Security,2
202347,Light; High Security; Secure,2
203877,Lighting; Security,2
197501,Lock; Door; Security,2
197197,Logic Controller; Programmable,2
196788,Mirror; Convex; High Security,2
197209,Number Plate Recognition System,2
196767,Prisoners Dock; Modular,2
197212,RFID Tagging System,2
197184,Riot Helmet,2
197179,Riot Shield,2
197205,Secure Entrance System,2
197196,Security Infrastructure; Network Switches,2
202359,Security Mantrap; Replacement Only,2
197213,Security System; Hard Drives,2
197218,Security; Lock; Electric,2
203817,Security; Steel Posts; 3.8m,2
203818,Security; Steel Posts; 6m,2
197194,Server; Digital Video Systems,2
202484,Switch; Isolation,2
196895,Table; Steel; High Security; Stools,2
196782,Wall; Expanded Steel Mesh; Heavy Duty,2
196789,Window; 16mm Steel Bars; High Security,2
196778,Window; Glass Louvre; Heavy Duty,2
196790,Window; Lexan; Steel Frame,2
196779,Window; Metal; Louvred; Heavy Duty,2
196791,Window; Prison; Attack Resistant,2
196786,Window; Steel Frame; Reinforced; Heavy Duty,2
196780,Window;Steel Frame; Lexan Louvred; Heavy Duty,2
202322,Piping; Insulated; Chilled 100NB,2
202312,Pool Filter; Water,2
202324,Valve; Butterfly; Cast Iron; 100mm,2
202325,Valve; Gate; Cast Iron; 100mm,2
203812,Water Meter,2
202308,Water Pressure Unit,2
202307,Water Softener Unit,2
197645,Paint; Door,2
197645,Paint; Door & Surounds,2
202853,Vacuum Degasser,2
203866,Drinking Fountain,2
203924,Tap; Bubbler Combined,2
202454,Dumbwaiter; Two Floor; 450kg,2
202840,Dust Extractor,1
196906,Lectern; Chapel,2
203956,Garden Edging; Brickwork; 230mm,2
203954,Garden Edging; Concrete Block; 200mmx400mm,2
203955,Garden Edging; Rock,2
203953,Garden Edging; Timber,2
202604,Emergency Power Supply; Diesel; 1000kVA,3
202599,Emergency Power Supply; Diesel; 100kVA,3
202600,Emergency Power Supply; Diesel; 125kVA,3
202601,Emergency Power Supply; Diesel; 350kVA,3
202755,Emergency Power Supply; Diesel; 35kVA,3
202602,Emergency Power Supply; Diesel; 450kVA,2
202603,Emergency Power Supply; Diesel; 500kVA,2
202597,Emergency Power Supply; Diesel; 50kVA,2
202598,Emergency Power Supply; Diesel; 80kVA,2
202419,Generator; Diesel; Emergency; 2000kVA,2
202832,Light; Emergency Exit Sign,3
202595,Light; Emergency Power System,2
202633,Light; Emergency; Fluoro 2Hr,2
202596,Light; Emergency; Spitfire,2
202834,UPS; 1 Phase; 10 kVA 7kW 30min,2
202584,UPS; 3 Phase; 30 kVA 24kW 30min,2
202629,UPS; 3 Phase; 33 kVA 24kW 30min; CS,2
202585,UPS; 3 Phase; 500 kVA 400kW 10min,2
202847,UPS; 3 Phase; 800kVA 600kW 10min,2
202630,UPS; Battery Bank,2
202614,Cabinet; Biological safety,2
202396,Cupboard; Fume,2
202396,Cabinet; Fume,3
202470,AC Control System; Variable Air Volume,2
202546,AC; Control System,2
202525,AC; Control System; Basic,2
202547,AC; Control System; DDC,1
202387,AC; Control System; Mechanical,2
202775,Cabinet; Control,3
202876,Control System; Generator; MSB,2
202328,Manifold; Gas,2
202329,Monitor; Decibel,2
202331,Monitor; Indoor Air,1
202330,Monitor; Lux,2
202356,Room AC; Thermostat,2
202408,Escalator; Glass Balustrade; 1m carriage; 3m rise,2
202409,Escalator; Solid Balustrade; 1m carriage; 3m rise,2
202407,Travalator; Glass balastrade; 1m carriage; 30m,2
202406,Travelator; Solid balastrade; 1m carriage; 30m,3
202289,AC Register; Ceiling,2
202838,Exhaust Fan; Ceiling; Domestic,2
202389,Exhaust Fan Ventilation,2
202389,Exhaust Fan,2
202389,Exhaust Fan; Small,2
202412,Exhaust Fan; Wall; Domestic,2
202413,Exhaust Fan; Window; Domestic,2
202648,Vent Fans Medium,2
202648,Vent Fan Medium,2
202648,Exhaust Ventilator; Medium,2
202393,Exhaust Ventilator; Small,2
202455,Fan; Air Supply,2
202635,Fan; Ceiling,2
202635,Fan; Ceiling; 800mm,2
202390,Fan; Floor Mounted; 1m Diameter,2
202392,Fan; Pressurisation Air; Small,2
202365,Fan; Ventilation; Carpark,2
202624,Fan; Ventilation; Jet; Exhaust,2
202395,Fan; Ventilation; Large,2
202411,Exhaust Ventilator; Large,2
202403,Nederman Arm,2
197500,Door; Clear; Industrial Swing; Heavy Duty,2
203830,Cattle Crush; Galvanised Steel,2
203828,Cattle Fence; Galvanised Steel,2
203829,Cattle Gate; Galvanised Steel,2
203831,Cattle Race; Galvanised Steel,2
203857,Gate; Chainmesh; Vehicle; 5m,2
203859,Gate; Colourbond; 0.9m,2
203764,Gate; Steel; Pool Safety,2
203918,Lattice; Timber,2
203799,Outdoor Awning; Roll up,2
203858,Palisade; Personal Gate; 0.9m,2
203919,Palisade; RSJ Posts; High Security 2.4m,2
204013,Pergola; Timber,2
203805,Pergola; Timber; Shade Cloth,2
204038,Razor Wire,2
203943,Sight Screen;Cricket; Metal Painted,2
203942,Sight Screen;Cricket; Steel Post,2
197288,Ceiling; Soffit,2
197288,Ceiling; Fibre Cement; External,2
197244,Door; Sliding; 3 FHR,2
203976,Pavement; Treated Pine; 200mm,2
197293,Paint; Exterior,2
197293,Paint; External,2
197296,Wall; Alucobond Panel Cladding,2
197292,Wall; Aluminium Cladding,2
197291,Wall; Aluminium Panel Cladding,2
204000,Wall; Block; Painted; Soccer Training,2
203999,Wall; Block; Painted; Tennis Training,2
197289,Wall; Cement Render,2
197356,Wall; Chainmesh; Secure,2
197298,Wall; Concrete,2
197297,Wall; Concrete Block,2
197299,Wall; Face Brick,3
197295,Wall; Fibrecement,2
197318,Wall; Hardie Plank,2
203756,Wall; Prefab Concrete; 300mm,2
197357,Wall; Sandstone; Coping Sills,2
197290,Wall; Steel Cladding,2
203926,Wall; Timber; Soccer Training,2
197294,Wall; Weatherboard Cladding,2
197377,Window; Aluminium,2
197379,Window; Steel Frame,2
197378,Window; Timber Frame,2
203968,Fence; Brush; Steel Supports; 1.8m,2
203980,Fence; Chainmesh; 1.8m,3
203963,Fence; Chainmesh; Metal Post; Double Metal Rail,2
203958,Fence; Chainmesh; Metal Post; Single Metal Rail,2
203922,Fence; Chainmesh; Tennis Court; 3.6m,2
203965,Fence; Chainmesh; Tennis Court; PVC; 3.6m,2
203787,Fence; Colourbond; 1.8m,2
203909,Fence; Galvanised Chainmesh; 1.2m,2
203920,Fence; Paling; 1.8m,2
203964,Fence; Paling; 1.8m; Painted,2
203910,Fence; Paling; 1m,2
203819,Fence; Paling; 1m; Painted,2
203765,Fence; Pool Safety; Steel,2
203961,Fence; Steel Post; Two Metal Rail,2
203966,Fence; Timber Barrier; Single Rail,2
203957,Fence; Timber Post; Single Metal Rail,3
203911,Fence; Timber; Two Rail; 1m,2
203767,Fence; Tubular Spearhead; Steel; 1.7m,2
203900,Fence; Welded Wire Mesh; Roll Top; 1.2m,2
203895,Fence; Wire; Four Rails; Timber Post,2
203908,Gate; Chainmesh; 1.2m,2
203856,Gate; Chainmesh; 2.1m,2
203873,Gate; chains & lock,2
203860,Gate; Colourbond; Vehicle; Double,2
203896,Gate; Galvanised Chainmesh; 1.8m,2
203855,Gate; Galvanised Chainmesh; Vehicle; 6m,2
203913,Gate; Paling; 1.8m,2
203983,Gate; Palisade; Automatic Slide; 6m,2
203839,Gate; Rail; Lock,2
203838,Gate; Rural,2
203892,Gate; Steel Post; Vehicle; Double,2
203977,Gate; Steel Spearhead; 1.7m,2
203901,Gate; Wiremesh; 0.9m,2
203826,Gate; Wiremesh; 2m,3
203827,Gate; Wiremesh; 2m,2
203775,Landscaping; Basic Maintenance,2
203782,Landscaping; Turf; Basic Maintenance,2
202804,Fire Alarm Control Panel; Extra Large,2
202417,Fire Alarm Control Panel; Large,2
202807,Fire Alarm Control Panel; Local,2
202416,Fire Alarm Control Panel; Medium,2
202806,Fire Alarm; Manual Break Glass,2
202757,Fire Alarm; Siren,2
202638,Smoke Detectors,2
202638,Smoke Detector,2
202638,Fire; Detector,2
202636,Fire Extinguisher; Carbon Dioxide; 2kg,2
202355,Extinguisher; CO2; 3.5kg,2
202355,Fire Extinguisher; Carbon Dioxide; 3.5kg,2
202510,Fire Extinguisher; Carbon Dioxide; 5kg,2
202508,Fire Extinguisher; Dry Chemical; 4.5kg,2
202509,Fire Extinguisher; Dry Chemical; 9kg,2
202511,Fire Extinguisher; Foam; 9L,2
202507,Fire Extinguisher; Water; 9L,2
202512,Fire Booster; Diesel,2
202554,Fire Booster; Electric; 11kW,2
202343,Fire Booster; Valve Assembly,2
202639,Fire Hose Reel,2
202641,Fire Hydrant,2
202640,Fire Hydrant System; Pump Set,2
202519,Smoke Curtain; HD; Vertical Fibreshield,2
202650,Fire Blanket,2
197152,Hair Dryer; Pedestal,2
197406,Hand Dryer,2
197406,Hand Dryer; Enamel; Push button,2
197404,Toilet Roll Holder; Stainless Steel; Two Rolls,2
197172,Art Work,2
197639,Paint; Windows & Surrounds,2
197228,Bench; Aluminium; Stadium,2
196765,Bench; Judge; 2.5m Modular,2
196766,Bench; Solicitor; 5m Modular,3
197229,Bench; Timber; Stadium,2
196899,Seat; Aluminium; Bench; HD Perofated,2
204026,Seat; Aluminium; Flat top bench,2
197233,Seat; Cinema,2
196769,Seat; Court Bench,2
196771,Seat; Court Dock; Modular,2
196772,Seat; Courts,2
204025,Seat; Perforated metal; Painted,2
203939,Seat; Plastic; Fixed Bench,2
203937,Seat; Timber Concrete Frame; Fixed,2
204024,Seat; Timber Concrete Frame; Mobile,2
204023,Seat; Timber Metal Frame,2
203938,Seat; Timber Metal Frame; Painted,2
203945,Seat; Timber; Flat top Bench,2
197275,Office Building Facade; 7-20 Storey; 50% Glazing,2
197274,Office Building Facade; 7-20 Storey; Glazing,2
197278,Office Building Facade; 7-20 Storey; No Glazing,2
197139,Flag ; Aboriginal,3
203807,Flag Pole; Aluminium; 12m,2
203809,Flag Pole; Timber; 12m,3
197138,Flag; Australian,1
197137,Flag; Queensland,3
197711,Roof Flashing,2
197707,Roof; Barge Fascia; Steel,2
197705,Roof; Barge Fascia; Timber,1
197485,Floor Wastes,2
197485,Floor Waste,2
197605,Floor; Concrete,2
197607,Floor; Sealed Surface; Epoxy Finish,3
197607,Floor; Concrete; Epoxy Finish,3
197607,Floor; Concrete; Polished,3
197621,Floor; Fibre Cement,3
197610,Floor; Linoleum; Commercial; Heavy Duty,3
197611,Floor; Timber Laminate; 8mm,2
203794,Pavement; PVC; Link Mat,2
197617,Floor; Aluminium Checkered Plate,2
197618,Floor; Aluminium Mesh,2
197626,Floor; Ceramic Tiles,1
197626,Floor; Ceramic Tile,1
197634,Floor; Computer; Access,2
196777,Floor; Concrete; Heavy Duty,2
197629,Floor; Hardwood Timber; 25mm,2
197625,Floor; Marble Tiles,3
197625,Floor; Marble Tile,3
197630,Floor; Parquetry Block,2
197627,Floor; Pine Timber; 25mm,2
197620,Floor; Plywood Timber,2
197622,Floor; Rubber Sheet; Studded,2
197614,Floor; Rubber Tile; 12mm; Sport,2
197612,Floor; Rubber Tile; 6mm; Sport,2
197624,Floor; Safety Padded,2
197631,Floor; Sport; Air Thrust,2
197615,Floor; Sport; Plexipave,2
197613,Floor; Sport; Vinyl Sheet,2
197619,Floor; Steel Mesh,2
197606,Floor; Terrazzo Tiles,2
197606,Floor; Terrazzo Tile,2
197608,Floor; Vinyl Sheet,2
197609,Floor; Vinyl Tiles,2
197609,Floor; Vinyl Tile,2
197633,Pavement; Rubber; Softfall,2
197635,Vinyl Floor - Asbestos Sheet Lining,2
197023,Bain Marie; 4 Container; Commercial,2
208009,Bain Marie; 6 Container; Commercial,2
208011,Bain Marie; 6 Container; Commercial; Warming Oven,2
208010,Bain Marie; Hot Press; Commercial,2
197024,Barbeque; Commercial,2
203987,Barbeque; Electric,3
203986,Barbeque; Gas,2
203914,Barbeque; Gas Bottle,2
203989,Barbeque; Wood Fired,3
197100,Blast Chiller; Commercial,2
197026,Blender Mixer; Commercial; 20L,2
197033,Bratt Pan; Gas; Commercial; 80L,1
208003,Can Washer; Commercial; Large,3
208002,Can Washer; Commercial; Standard,2
197067,Chip Cooker; Commercial,2
197063,Coffee Machine; Domestic,3
197073,Combi Steamer; Commercial,2
197065,Comcater,2
197090,Cook Top Oven; Gas; Commercial; Stainless Steel,2
197079,Cook Top; Electric; Domestic,2
197083,Cook Top; Electric; Domestic Small,2
197058,Cook Top; Gas; Commercial; 6 Burner,2
197080,Cook Top; Gas; Domestic,2
197084,Cook Top; Gas; Domestic,2
197036,Cool Room; Medium,2
197027,Dishwasher: Commerical; Medium,2
208006,Dishwasher; Commercial; Extra Large,2
208005,Dishwasher; Commercial; Large,2
208004,Dishwasher; Commercial; Small,2
207994,Dishwasher; Domestic; Built-In; Average,2
207993,Dishwasher; Domestic; Built-In; Premium,2
197077,Dishwasher; Domestic; Freestanding; Premium,2
207995,Dishwasher; Domestic; Mobile; Average,2
197044,Flake Ice Machine; Commercial; 25kg,2
197047,Food Carrier; Insulated,2
197096,Food Processor; Commercial Slicer; Automatic Carriage,2
197097,Food Processor; Commercial Slicer; Bowl Cutter,3
197038,Food Processor; Commercial Slicer; Manual Carriage,2
197101,Food Processor; Commercial Slicer; Vegetable,2
197029,Food Warmer,2
197043,Freezer; Bar; Commercial,1
197062,Freezer; Chest,2
197040,Freezer; Commercial; 300L,2
197075,Fridge; Domestic; 48L,2
197091,Fryer; Stainless Steel; Commercial; Double,2
197064,Glass Washer,2
197028,Glass Washer; Commercial; Freestanding,2
207999,Glass Washer; Commercial; Underbar,2
197046,Griddle; Gas; Commercial,2
197099,Heat Sealing Machine; Commercial; Food,2
197034,Kettle; Electric; Commercial; 230L,2
197069,Kitchen Utensils,2
197030,Oven; Convection; Commercial,1
197098,Oven; Deck; Commercial,2
197032,Oven; Microwave; Commercial,2
197085,Oven; Microwave; Domestic,2
208008,Oven; Microwave; Domestic Deluxe,2
197031,Oven; Steam Pressure; Commerical,2
197081,Oven; Wall; Electric; Domestic,2
197082,Oven; Wall; Gas; Domestic,2
197068,Pie Heater,2
197070,Pizza Kiln,2
197087,Pot Washer; Stainless Steel,2
197025,Potato Peeler; Commercial,2
202877,Refrigeration Compressor; 2 - 5kW; CoolRoom,2
197052,"Refrigerator, Bar",2
197056,"Refrigerator, Commercial; Single Door",2
197039,"Refrigerator; Commercial; 300L, 100L Freezer",2
197055,Refrigerator; Domestic,2
197059,Salamander; 900mm; Commercial,2
197089,Stock Pot; Stainless Steel,1
203915,Test - BBQ: Stainless Steel / Electric,2
197048,Toaster; Commercial,2
197066,Toaster; Commercial; Conveyor,2
197051,Toaster; Domestic; Small,2
197095,Vacuum Packing Machine; Commercial,2
202774,Floor; Ceramic Tile; Pool,2
202449,Lift; Goods; 6 Floors; Geared; Variable,2
202907,Storage Tank; Fuel,2
196892,Bed; Bunk,2
197418,Bed; Bunk; Built-In,2
197237,Bench; Aluminium,2
197235,Bench; Timber; Upholstered,2
196946,Chair; Breakout; Armchair,2
196947,Chair; Breakout; Sofa,2
196956,Chair; Plastic; Child,2
196773,Chair; Public Waiting,2
196918,Chair; Sofa,2
196770,Desk; Judges,3
196909,High Chair; Baby,2
196977,Step Stool; 2 Step,2
196897,Table; Aluminium Bench; Combined Unit,2
197398,Table; Baby Change; Plastic Surface,2
196939,Table; Children,2
196954,Table; Freestanding; Café; 700x 510mm,2
196905,Table; Freestanding; Café; 800x 800mm,2
196809,Table; Game Master,2
196926,Table; Outdoor; Round General Purpose,2
196957,Table; Polyplastic; Child Sebel,2
196958,Table; School,2
196930,Table; Staff,2
196936,Table; Staff Amenities,2
202303,Gas Line; Natural; Installation,2
202879,Fuel Burner; Gas; Industrial,2
202463,Cable Conduit; Galvanised Steel,2
202865,Cable Conduit; PVC,2
196861,IMUX Module,2
202849,Heat Exchanger,2
204037,Bag Dispenser; Dog Poop,3
197428,Mirror; Wall,2
197400,Paper Towel Dispenser; White Enamel; Surface Mounted,1
197396,Soap Dispenser; Plastic,1
197407,Soap Dispenser; Stainless Steel,2
197403,Tissue Dispenser; Stainless Steel; Surface Mounted,2
197397,Toilet Tissue Dispenser; Stainless Steel; Surface Mounted,2
197399,Toilet Tissue Dispenser; White Epoxy; Multi Roll,2
197712,Roof Skylight; Dome,2
202805,Roof Ventilator; Rotary; 300mm,2
202506,Roof Ventilator; Rotary; 600mm,3
202400,Ground Anchor; Anti Static,2
197191,Residual Current Devices,1
197191,Residual Current Device,1
197191,RCD,1
202513,RCD; High Security,2
202582,RCD; Hospital; Body Protection,2
202583,RCD; Hospital; Cardiac Protection,2
202550,RCD; Main Switch,2
202581,RCD; Main Switch; 100mA; 2 Pole 80A,2
202846,Surge Protector,2
203749,Bollard; Aluminium Cast; Removable,2
203816,Bollard; Brick,2
203751,Bollard; Galvanised; Fixed; 1.2m,2
203742,Bollard; Galvanised; Fixed; Bike Barrier,3
203746,Bollard; Galvanised; Lockable; 1.2m,3
203741,Bollard; Path Lighting; Commercial,3
203748,Bollard; Powder Coat; Security; 1m,3
203750,Bollard; Stainless Steel; Fixed; 1m,2
203747,Bollard; Steel; Painted,3
203752,Bollard; Timber; Painted; 1m,2
203744,Bollard; Timber; Painted; 2m,3
197206,Vehicle Barrier,3
196888,Warning Tape,3
197282,Paint; Downpipes,2
197283,Paint; Gutter,2
197666,Roof Downpipe; Copper,2
197667,Roof Downpipe; Stainless Steel,1
197669,Roof Downpipe; Zincalume Steel,2
197665,Roof Gutter; Copper,2
197706,Roof Gutter; Stainless Steel,1
197668,Roof Gutter; Zincalume Steel,2
196774,Paint; Concrete; Epoxy Finish,2
197640,Paint; Floor,1
197636,Paint; Floor; Epoxy,2
197637,Paint; Floor; Epoxy; Heavy Duty,3
202290,AC; Air Handling Unit; Extra Large,2
202293,AC; Air Handling Unit; Large,2
202292,AC; Air Handling Unit; Medium,2
202291,AC; Air Handling Unit; Small,2
202625,AC; Fan Coil Unit; 10000cfm,2
202626,AC; Fan Coil Unit; 18000cfm,2
202529,AC; Fan Coil Unit; 2000cfm,2
202410,AC; Fan Coil Unit; 30000cfm,2
202833,AC; Fan Coil Unit; 6000cfm,2
202294,Fan Coil Unit; 280L/s; 630 cfm,2
202295,Fan Coil Unit; 570L/s; 1200 cfm,2
202296,HVAC; Variable Frequency Drive; VLT; 1.1kW,2
202299,HVAC; Variable Frequency Drive; VLT; 11kW,2
202297,HVAC; Variable Frequency Drive; VLT; 2.2kW,2
202298,HVAC; Variable Frequency Drive; VLT; 7.5kW,2
202350,Water Chiller; Centrifugal; 1000kW,2
202351,Water Chiller; Centrifugal; 3500kW,2
202850,Duct Heater; Coil,2
202644,Duct Heater; Electric,2
202790,Heater; Fan; Wall; 3300W,2
202765,Heater; Gas; 13kW,2
202523,Heater; Panel; Wall Mounted; 1000W,2
202823,Heater; Radiant Strip; Electric,2
202637,Fan; Fire Smoke Spill,2
202302,Fire Access Panel; Steel,2
202615,Fire Collar,2
202858,Fire Damper,2
202859,Fire Shutter,2
202430,Rangehoods; Commercial,2
202430,Rangehood; Commercial,2
202430,Range Hood; Commercial,1
202811,Range Hood; Domestic,2
202318,Valve; Solenoid; WC,2
202317,Valve; Temperature Limiting; 20mm,2
202314,Valve; Thermostatic Mixer; 20mm,2
202316,Valve; Water; Non-Return; 20mm,2
202852,Calorifier,2
202321,Gas Regulator,2
202848,HWS; Electric; 4500kW,2
202848,Hot Water System; Electric; 4500kW,2
202568,Hot Water System; Electric; Domestic; 50L,2
202566,Hot Water System; Gas; Commercial; 315L,2
202918,HWS; Gas; Commercial; 340L Storage,2
202918,Hot Water System; Gas; Commercial; 340L Storage,2
202565,Hot Water System; Gas; Domestic; 18L,2
202567,Hot Water System; Gas; Domestic; 90L,2
202917,Hot Water System; Instantaneous Gas; Commercial; 32L,2
202569,HWS; Solar; 300L,2
202569,Hot Water System; Solar; 300L,2
202822,Hot Water System; Zip,2
202471,Hot Water Unit; Electric; Domestic; 125L,2
202472,Hot Water Unit; Electric; Domestic; 250L,2
202914,Hot Water Unit; Gas; Commercial; 260L,2
202915,Hot Water Unit; Gas; Commercial; 265L,2
202916,Hot Water Unit; Gas; Commercial; 275L,2
202912,Hot Water Unit; Gas; Domestic; 135L,2
202913,Hot Water Unit; Gas; Domestic; 170L,2
202768,Water Unit; Boiling & Chilling,2
196799,Bongo Drums,2
196800,Drum Kit,2
196801,Guitar; Electric,2
196802,Keyboard; Ensoniq,2
202762,Call Point,2
202762,Intercom Point,2
197187,Intercom System - Jaques,2
197222,Intercom System; Digital Recorder,2
197192,Intercom System; Main Door; Camera,2
202564,Nurse Call Station,2
202751,Nurse Call System; Bed,2
197215,Paging System,2
202752,Panel;Communications,2
202726,Radio; Two Way; Mobile,2
197527,Wall; Accordian; Operable,2
197557,Wall; Glass Block; Clear,2
197498,Wall; Glass Screen; 10mm Laminated,2
197497,Wall; Glass Screen; 6mm Toughened,2
197511,Door; Acoustic; Timber Frame; Double STC37,2
197513,Door; Acoustic; Timber Frame; Single STC37,2
197507,Door; Frame; Heavy Duty,2
197509,Door; Frame; Timber,2
197506,Door; Frame; Zinc,2
203916,Gate; Chrome Turnstile; Three Arm,2
202645,Lock; Electric,2
197185,Lock; Electric; High Security,2
197186,Lock; Mechanical; High Security,2
197523,Door Partition; Core,2
197524,Door Partition; Solid,2
197508,Automatic Door; Timber; Solid,2
197499,Door; Accordian,2
197248,Door; Aluminium Screen; Security Mesh,2
197254,Door; Aluminium; Hinge; Double,2
197253,Doors; Aluminium; Hinge; Single,2
197253,Door; Aluminium; Hinge; Single,2
197257,Door; Aluminium; Slide; Double,2
197255,Door; Aluminium; Slide; Single,2
197256,Door; Brass; Glass; Hinge; Double,2
197520,Doors; Core Timber,2
197520,Door; Core Timber,2
197252,Door; Fibre Cement,2
197519,Door; Fire Single,2
197519,Door; Fire; 1HR,2
197516,Door; Fire Double,2
197516,Door; Fire; 1HR; Double,2
197514,Door; Fire; 2HR,2
197517,Door; Fire; 2HR; Double,2
197515,Door; Fire; 3HFR,2
197518,Door; Fire; 3HR; Double,2
197504,Door; Lexan Window; Solid,2
197502,Door; Solid Timber,2
197251,Door; Solid Timber; Four Panel,2
197521,Doors; Steel Clad,2
197521,Door; Steel Clad,2
197258,Door; Steel Clad; Double,2
197522,Door; Steel; Padded,2
197250,Door; Timber; Glazed; Double Panel,2
197249,Door; Timber; Glazed; Single Panel,2
197525,Door; Viewing Panel; Prison Glass,2
197364,Wall; Acrylic Sheet; Clear; 6mm,2
197365,Wall; Acrylic Sheet; Tinted; 6mm,2
197361,Screen; Aluminium Mesh; Security,2
197373,Window; 16mm Steel Bars,2
197376,Window; Aluminium Louvre; Fixed,2
197371,Window; Aluminium; Commercial; Double Glazed; Fixed,2
197372,Window; Aluminium; Commercial; Double Glazed; Opening,2
197370,Window; Aluminium; Commercial; Half Sliding,2
197362,Window; Aluminium; Commercial; Single Fixed,2
197363,Window; Aluminium; Curtain Walling; High Rise,2
197359,Window; Glass Louvre,2
197375,Window; Lexan; Steel Frame,2
197358,Window; Metal; Louvred; Fixed,2
203781,Irrigation; Reticulation and Landscaping,2
203786,Irrigation; Reticulation and Landscaping,2
202727,Traveling Irrigator,2
197176,Alcolizer Tester,2
202621,Balance Scale; Laboratory,2
202622,Scale; Laboratory,2
197017,Stool; Laboratory,2
197459,Cabinet; Laundry,2
197102,Clothes Line; Rotary,2
197117,Dry Cleaning Machine,2
197115,Dry Cleaning; Conveyer Belt,2
197120,Dryer; Commercial; Gas; Large,2
197130,Dryer; Commercial; Gas; Small,2
197122,Dryer; Commercial; Milnor,2
197128,Dryer; Domestic,2
197111,Dryer; Domestic; Front Loading,2
197134,Embroidery Machine; Commercial; 4-6 Head,2
197133,Eyelet Button Punch; Industrial,2
197136,Fabric Cutter; Commercial; Handheld,2
197131,Fabric Cutter; Commercial; Straight,2
197118,Floor Scrubber Dryer,2
197121,Folder; Gowns,2
197119,Folder; Linen,2
197106,Iron; Electric; Steam Dry,2
197126,Iron; Press,2
197124,Iron; Roller,2
197125,Laundry Utensils,2
197108,Sewing Kit,2
197135,Sewing Machine - (Commercial) Overlocker Elastic Metering Device,2
197109,Sewing Machine; Commercial,2
197127,Sewing Machine; Domestic,2
197129,Vacuum Cleaner,2
197113,Vacuum Cleaner; Backpack,2
197112,Vacuum Cleaner; Industrial; Wet Dry,2
197103,Washing Machine; Freestanding; 16kg,2
197104,Washing Machine; Freestanding; 35kg,2
197105,Washing Machine; High Speed,2
197116,Washing Machine; Hospital; Batch,2
197110,Washing Machine; Top loading,2
196908,Bookcase,2
202861,Lift; Chair; 2 Storeys,2
202399,Lift; Wheelchair; Bend,2
202469,LED; Blue,2
202867,Light Column; 4.5m,2
202868,Light Column; 5.5m,2
202870,Light Column; 5.5m; Collapsible,2
202869,Light Column; 8m,2
202871,Light Column; 8m; Collapsible,2
202461,Light; Bayonet; Internal,2
202357,Light; Down; Reflector; Internal,2
202367,Light; Downlight; Energy Saver,2
202368,"Light; Downlight; Energy Saver, Dbl Glove",2
202594,Ceiling; Downlight; Internal,2
202594,Light; Downlight; Internal,2
202515,Down light; LED,2
202515,Light; Downlight; LED,1
202366,Floodlight,2
202366,Light; Flood,2
202605,Light; Flood; High Security,2
202592,Light; Flood; Mercury Vapour,2
202386,Light; Florescent Diffuser; With Backup battery,2
202628,Light; Fluorescent,2
202588,Light; Fluorescent Diffuser; Recessed Double,2
202492,Light; Fluorescent; 6m inc Spitfire,2
202589,Light; Fluorescent; Diffuser; Recessed Single,2
202628,Light; Fluorescent; Double,2
202946,Light; Heat Lamp,2
202946,Light; Heat Lamp; Dual Lamp,2
202591,Light; High Bay; Mercury Vapour; >5m high,2
202369,Light; LED Panel,3
202518,Light; LED Stair Nosing,3
202520,Light; LED Strip,3
202836,Light; Low Bay; Mercury Vapour,2
203842,Light; Pathway,2
202590,Light; Spot Light,2
203843,Light; Tennis Court,2
202862,Lighting; Road ; >5m,2
203841,Lighting; Sportsfield,2
197703,Roof; Lightning Protection System,2
202376,Gas Bottle; 45kg,2
202377,Gas Bottle; 90kg,2
202875,Pressure Tank; 18L,2
202928,Pressure Tank; 200L,2
202397,Pressure Vessel,2
202282,"Waste tank & pumps; 75,000 litre",2
202281,"Water tank & pumps; NON Potable; 27,000 litre",2
202284,"Water tank & pumps; NON Potable; Commercial;200,00",2
202283,Water Tank; Non Potable; 200000L,2
202286,Water Tank; Non Potable; 27000L,2
202287,Water Tank; Non Potable; 3000L,2
202288,Water Tank; Non Potable; 5000L,2
202285,Water Tank; Potable; 75000L,2
202280,"Water tanks & pumps; Potable Dom / Com; 75,000 lit",2
202689,Block & Tackle; 1 Tonne,2
202620,Block & Tackle; 800 kg,2
202521,Dock Leveller; Hydraulic; 12.5 Tonne,2
202495,Fort Lift; 3 stage mast; LPG; Side Shift,2
202398,Lifting Beam; Fixed,2
202873,Lifting Sling,2
202436,Loader; Front End,2
202874,Overhead Crane; Electric,2
202560,Data Cable,2
196842,Ethernet Hub,2
202557,GPO; Data; Telephone,2
196844,Network Equipment,2
196843,Network Router,2
202375,Distribution Board; Factory; Heavy Load,2
202373,Distribution Board; Factory; Light Load,2
202374,Distribution Board; Factory; Medium Load,2
202577,Distribution Board; Hospital; Large,2
202576,Distribution Board; Office; Large,2
202580,Distribution Board; Office; Medium,2
202578,Distribution Board; University; Large,2
202375,Distribution Switchboard; Factory; Heavy Load,2
202373,Distribution Switchboard; Factory; Light Load,2
202374,Distribution Switchboard; Factory; Medium Load,2
202577,Distribution Switchboard; Hospital; Large,2
202576,Distribution Switchboard; Office; Large,2
202580,Distribution Switchboard; Office; Medium,2
202578,Distribution Switchboard; University; Large,2
202776,Electrical Wiring; standard room,2
202558,general purpose outlet double,2
202558,GPO; Double,2
202750,GPO; Single,2
202384,GPO; Single; Secure,2
202473,GPO; Single; Three Phase,2
202383,GPO; Single; Three Phase; Secure,2
202462,GPO; Single; Weatherproof,2
202404,Ground Power Unit,2
202372,Main Switchboard; Factory; Heavy Load,2
208014,Main Switchboard; Factory; Light Load,2
202371,Main Switchboard; Factory; Medium Load,2
208041,Main Switchboard; High School; Large,2
208040,Main Switchboard; High School; Medium,2
208039,Main Switchboard; High School; Small,2
208017,Main Switchboard; Home Units; 15 to 25 Units,2
202835,Main Switchboard; Home Units; 25 to 50 Units,2
202574,Main Switchboard; Home Units; 3 to 6 Units,2
208016,Main Switchboard; Home Units; 6 to 15 Units,2
202579,Main Switchboard; Hospital; Large,2
208026,Main Switchboard; Hospital; Small,2
208031,Main Switchboard; Nursing Home; Large,2
208030,Main Switchboard; Nursing Home; Medium,2
208029,Main Switchboard; Nursing Home; Small,2
202572,Main Switchboard; Office; Large,2
202370,Main Switchboard; Office; Medium,2
208025,Main Switchboard; Office; Small,2
208034,Main Switchboard; Primary School; Large,2
208033,Main Switchboard; Primary School; Medium,2
208032,Main Switchboard; Primary School; Small,2
208023,Main Switchboard; Shopping Centre; Large,2
208022,Main Switchboard; Shopping Centre; Medium,2
208020,Main Switchboard; Shopping Centre; Small,2
208045,Main Switchboard; Technical College; Large,2
208043,Main Switchboard; Technical College; Medium,2
208042,Main Switchboard; Technical College; Small,2
202573,Main Switchboard; University; Large,2
208036,Main Switchboard; University; Medium,2
208037,Main Switchboard; University; Small,2
202866,Switch; Light; Fan,2
202379,Switchboard Cabinet; Waterproof; 36 mod 3 phase,2
202380,Switchboard Cabinet; Waterproof; 48 mod 3 phase,2
202381,Switchboard Cabinet; Waterproof; 60 mod 3 phase,2
202382,Switchboard Cabinet; Waterproof; 72 mod 3 phase,2
202575,Switchboard; Domestic,2
202587,Transformer; Indoor Dry; 11kV,2
202586,Transformer; Pad Mount; 11kV,2
202843,Building Maintenance Unit,2
202733,Degreaser,2
202681,Garden Tools; Medium,2
202680,Garden Tools; Small,2
202654,Sweeper,2
202494,Trolley; Cleaning,2
203753,Road Marker,2
197216,Alarm System; Duress (Fixed),2
197217,Alarm System; Duress (Radio),2
196983,Autoclave,2
202697,Autoclave,2
196991,Bed Pans,2
196990,Bed Urinal; Female,2
197021,Bed; Hospital; Electric,2
196971,Bed; Hospital; Electric Operated,2
196972,Bed; Hospital; MRI; Electronic,2
196982,Bed; Patient Trolley; Electric,2
197219,Biometric Equipment,2
197019,Blood Pressure Gauge; Sphygmomanometer,2
202764,Breathing Apparatus,2
197007,Cabinet; Dental; Mobile,2
197016,Centrifuge,2
196973,Chair; Dental Suite,2
196979,Chair; Sofa; Examination,2
196984,Crutches,2
196985,Cryotech Unit,2
197020,CT Scanner,2
196986,Defibrillator; Automated; External,2
197004,Dental Suite Monitor,2
196987,Diagnostic Unit,2
196992,ECG Machine; Trolley,2
196993,Emergency Blanket,2
196994,EMS Safety Vest,2
202311,Eye Wash Station,2
202305,Face Wash Station,2
196974,Filtration System; Laboratory; 200L,2
196975,Filtration System; Laboratory; 350L,2
196996,First Aid Kit; Backpack,2
196997,Height Measurer,2
197015,Hoist; Medical; Electrical,2
197014,Hoist; Medical; Manual,2
196998,Hydraulic Scale,2
196980,Jordan Stretcher,2
196995,Light; Examination,2
197054,Pan Sanitiser,2
197001,Patient Mover; Patslide,2
197002,Plaster Cutter,2
197012,Refrigerator; Vaccine 220L,2
197123,Scale; Weight,2
197200,Server; Biometric Equipment,2
197018,Steriliser Kit,2
196981,Stetcher; Drop Leg,2
197000,Stool; Examination,2
197010,Suction Unit; Twinovac; Compact,2
196988,Trolley; Dressing,2
197013,Trolley; Flat Bed,2
196999,Trolley; Oxygen Tank,2
196989,Trolley; Unit Dose,2
197022,Vacuum; Dental,2
197071,Washer; Sanitiser,2
196976,Wheelchair,2
197005,X-Ray Processor; Digital,2
197006,X-Ray Unit; Mobile,2
197008,X-Ray Viewer; Wall Mounted,2
197011,X-Ray Viewer; Wall Mounted; Large,2
203797,Shade Cloth [m2],2
203802,Shade Sail,2
204001,Skate Bowl,2
203887,Skate Park,2
203925,Skate Ramp,2
203984,Structure; Timber,2
197153,Art Work; Painting,2
197141,Binding Machine; Electric,2
197161,Binding Machine; Manual,2
196944,Chair; Chrome Frame; Staff Amenities,2
196941,Chair; Desk,2
196913,Chair; Drafting,2
196904,Chair; Fabric Upholstered,2
196929,Chair; Fixed,2
196938,Chair; Interview,2
196970,Chair; Leather Upholstered,2
196943,Chair; Medium Back No Arms; Executive Visitor,2
196945,Chair; Meeting Room,2
196900,Chair; Metal; Heavy Duty,2
196915,Chair; Plastic; Stackable,2
196948,Chair; Reception Waiting; Arm Chair,2
196937,Chair; Reception Waiting; Sofa,2
196914,Chair; Task; Heavy Duty,2
196942,Chair; Task; High Back with arms; Executive,2
196940,Chair; Task; Medium,2
196911,Chair; Task; Medium Back,2
196912,Chair; Task; Medium Back; Prestige,2
196928,Chair; Task; Typist,2
196916,Chair; Training; Linked with Writing Tables,2
202618,Charger Battery,2
196949,Child Change Station; Parallel,2
196950,Child Change Station; Vertical,2
197143,Clocks; Master; Precision Timing,2
197149,Clocks; Slave,2
197143,Clock; Master; Precision Timing,2
197149,Clock; Slave,2
202609,Cutting Stool,2
196922,Desk; Executive; with Desk Return,2
196934,Desk; Particle Board,2
197158,Enlarger,2
197154,Fan; Pedestal,2
197148,Fax Machine,2
196966,Filing Cabinet; 3 Drawer; Mobile,2
197171,First Aid Kit,2
197170,Label Maker,2
196933,Ladder; Bedroom,2
197142,Laminator; A3,2
197162,Laminator; A4,2
197163,Multifunction Printer ; Fax,2
197166,Noticeboard,2
197144,Palm Pilot,2
197169,Paper Guillotine,2
197140,Paper Shredder; Large,2
197157,Paper Shredder; Small,2
196837,PC; Desktop,2
196835,PC; Laptop,2
197164,Photocopier,2
197145,Printer,2
197150,Projector; Overhead,2
197146,Scanner,2
196836,Server,2
197175,Smartboard; Electronic; Large,2
197174,Smartboard; Electronic; Medium,2
197173,Smartboard; Electronic; Small,2
196932,Stool,2
196935,Storage Unit; Roll,2
196896,Table; Steel; 4 Seat; Heavy Duty,2
196898,Table; Steel; 6 Seat; Heavy Duty,2
197151,Trolley; OHP; Shelf 450x600mm,2
197155,Typewriter,2
197167,Whiteboard,2
197168,Whiteboard; Electronic,2
196783,Ceilng; Access Panel; Steel Framed; Secure,2
196830,Acromat System,2
202678,Bench Press; Gym,2
196831,Bench; Gym,2
202677,Blower,2
202707,Brush Cutter,2
196834,Cross Over Cable Machine,2
196832,Cross Trainer,2
202693,Cultivator,2
202723,Easy Sprayer,2
202541,Edge Trimmer,2
196820,Exercise Bike,2
204012,Exercise Equipment,2
202542,Fertilizer Spreader,2
196829,Four Station Gym Machine,2
196821,Gym Unit,2
202539,Lawn Mower,2
202679,Lawn Mower; Ride On,2
196824,Leg Press Machine,2
202445,Light; Pest Control,2
202745,Line Marker,2
197156,Miscellaneous Equipment,2
202704,Mulcher,2
196795,Pool Table,2
196823,Rowing Machine,2
202722,Shrub Shaper,2
196822,Stair Climber,2
196819,Tennis Nets,2
196826,Trampoline; Large,2
196827,Trampoline; Small,2
196833,Treadmill,2
196825,Vaulting Horse,2
202497,Wheelbarrow,2
202540,Whipper Snipper,2
202401,Air Compressor,2
202767,Air Compressor; Reciprocating,2
202732,Air Compressor; Rotary Screw,2
202728,Air Rifle,2
202688,Angle Grinder; Air,2
202687,Angle Grinder; Electric,2
202791,Bandsaw; Metal Cutting,2
202792,Bandsaw; Woodworking,2
203997,Baseball Diamond,2
202729,Battery Charger,2
202718,Battery Pack,2
202698,Belt Sander,2
202785,Belt Sander,2
202670,Bench Drill,2
202730,Bench Grinder,2
202839,Blade Change System,2
202795,Borer Machine; Dowelling Mortising,2
202499,Broadcast Spreader,2
202793,Buffing Machine,2
202657,Canoe,2
202655,Chain Saw,2
202905,Coil Making Machine,2
202669,Cold Saw,2
202903,Concrete Cut-off Saw,2
202675,Cordless Drill,2
202794,Cramp Folder; 1.2m,2
202841,Cutter; Electric,2
202930,Cutting Machine; Vinyl,2
202694,Demolition Hammer; Electric,2
202699,Digitool,2
202734,Disc Grinder,2
202735,Disc Sander,2
202784,Disc Sander,2
203998,Discus Cage,2
202660,Ditch Digger,2
202798,Drill Mill Machine,2
202736,Drill Press,2
202797,Drill; Bench Mounted,2
202796,Drill; Floor Mounted,2
202910,Egg Incubator; Commercial,2
202665,Electric Drill,2
202738,Electric Planer,2
202911,Filter; Diesel Separator,2
202652,Gantry Crane; Electric,2
203978,Goal Post; Basketball Netball,2
203851,Goal Post; Blackboard; Single,2
202799,Grinder; Pedestal,2
202800,Guillotine; Steel,2
202610,Hair Dryer,2
202653,Hammer Drill,2
202500,Hand Trolley,2
202700,Heat Gun,2
202701,High Pressure Hose,2
202611,High Pressure Washer,2
202919,Hydraulic Press,2
202934,Hydraulic Valve; Anti-Tamper Device,2
203969,Hydraulic Valve; Stop Valve,2
202897,Hydraulic; Punch & Shear;100 Ton,2
202742,Impact Drill,2
202743,Jigsaw,2
202744,Lathe,2
202801,Lathe; CNC PC,2
202802,Lathe; Metal Cutting,2
202777,Lathe; Wood Long Bed,2
202778,Lathe; Wood Short Bed,2
202779,Magnetic Folder,2
202746,Metal Detector; Handheld,2
202651,Metal Press,2
202708,MIG Welder,2
202900,Milk Pasteuriser,2
202666,Milling Machine,2
202780,Milling Machine; ARTCIM-LM,2
202781,Milling Machine; HERCUS VMC,2
202782,Milling Machine; ISEL CPM 3020,2
202924,Mitre Gullotine; Picture Framer,2
202926,Mitre Saw; Aluminium; Cut Off,2
202667,Mixer; Concrete,2
202498,Mulching Mower,2
202686,Nail Gun; Air,2
202706,Nibbler,2
202668,Optimiser,2
202932,Oven; Workshop; Paint Batch,2
202709,Oxy Acetylene Gauge,2
202908,Paint Spray Gun; Pot,2
202493,Pallet Jack,2
202895,Panbrake Folder - Sheet,2
202923,Pipe Bender,2
202929,Pipe Threading Machine; Cutting,2
202938,Platform Scale; Digital,2
202710,Pokerwork,2
202663,Polisher,2
202909,Post Hole Digger; Petrol,2
202896,Postforming Machine,2
196804,Pottery Wheel,2
203996,Practise Nets; Baseball,2
202702,Radius,2
202724,Router,2
202902,Router; Advanced Robotic Technology,2
202933,Sand Blasting Booth,2
202737,Sander; Electric,2
202786,Sander; Oscillating vertical Spindle,2
202925,Sander; Wide Belt; Calibrating,2
202659,Saw; Circular,2
202690,Saw; Cold,2
202787,Saw; Cold; Metal Cutting,2
202671,Saw; Combination,2
202731,Saw; Compound,2
202899,Saw; Vertical Panel,2
202496,Saw;Heavy Duty Rotary; Petrol,2
202739,Screwdriver; Electric,2
202703,Scroll Saw,2
202632,Socket Set,2
203885,Softfall,2
202898,Spindle Moulder,2
202676,Spot Welder,2
202277,Spray Booth,2
202685,Staple Gun; Air,2
202901,Storage Tank; Milk,2
202904,Strapping Machine; Packaging Straps; Automatic,2
202711,Table; Bench Saw,2
197431,Tarpaulin; Heavy Duty,2
197430,Tarpaulin; Load Restraint; Webbing,2
202788,Thicknesser,2
202691,Thicknesser; Planer,2
202937,Thicknesser; Planer; Heavy Duty,2
203994,Throw Circle; Pads; Discus; Hammer; Shot Put,2
202656,Tool Chest,2
202725,Trolley,2
202684,Vehicle Hoist; four post,2
202683,Vehicle Hoist; two post,2
202692,Water Gurney,2
202789,Welding Machine,2
202696,Wheel Balancer; Electric,2
202783,Workbench; Router Table,2
203853,Cemetery Areas,2
203974,Hanging Basket Post; Steel; Painted,2
203780,Landscaping; Paddocks,2
204003,Playgrounds; Wet Pour Rubber Undersurfacing.,2
203778,Sand Filling; Laid; 200mm,2
203771,Termite Ground Barrier,2
203970,Tree Guard; 800mm,2
202844,Fall Protection System,2
197700,Roof Anchor; Stainless Steel,2
197713,Roof Safety System; Cable Harness,2
197702,Roof; Safety Mesh,2
202608,Hydro Bath,2
202606,Electrical Managment System,2
202741,Generator,2
202939,Air Berth; 10-14m,2
202715,Barge Trailer,2
202672,Barge; Horizon; Aluminium,2
203864,Bike Rack; Double,2
203923,Bike Rack; Single,1
203864,Bike Stand; Double,2
203923,Bike Stand; Single,1
203864,Bicycle Rack; Double,2
203923,Bicycle Rack; Single,1
203864,Bicycle Stand; Double,2
203923,Bicycle Stand; Single,1
202714,Boat; Centre Console,2
202842,Boom Lift; 30m,2
202607,Boom Lift; Articulating; Rough Terrain,2
202945,Car Parking; Turntable; 4 Tonne,2
202944,Car Parking; Vertical Stack; 2 Car,2
202921,Fertilizer Spreader Trailer,2
202920,Fertilizer Tractor Attachment,2
202931,Fork Lift; Jib Attachment,2
202646,Motor; Electric,2
202713,Out Board Motor,2
202662,Pallet Truck,2
202719,Quad Bike,2
202504,Scissor Lift; Rough Terrain,2
202505,Scissor Lift; Slab; Electric,2
202502,Staff Buggy; Electric; Two seat,2
202716,Surf Boat,2
202705,Tractor,2
202892,Tractor Attachment; Backhoe,2
202893,Tractor Attachment; Hay Baler,2
202889,Tractor Attachment; Hay Rake,2
202890,Tractor Attachment; Irrigator,2
202894,Tractor Attachment; Pallet Lift,2
202888,Tractor Attachment; Plough,2
202891,Tractor Attachment; Post Digger,2
202887,Tractor Attachment; Slasher,2
202717,Trailer,2
202617,Trolley; Mobile Weigh,2
197009,Trolley; Utility,2
202503,Tug; Electric,2
202906,Tyre Machine; Fitting & Changing,2
204004,Wheel Stop; Timber Concrete Rubber,2
197264,Hanger Door; Hydraulic Ram; Large,2
197272,Roller Door; Clear; Industrial Ohead; Manual,2
197267,Roller Door; Coated Steel; Industrial,2
197270,Roller Door; Coated Steel; Industrial; Manual,2
197266,Roller Door; Domestic; Automatic 2.4m x 3m,2
197273,Roller Door; Domestic; Manual,2
197271,Roller Door; Industrial,2
197262,Roller Door; Perforated Steel; Lock,2
197268,Roller Door; Steel Grill; Heavy Duty; Manual,2
197269,Roller Door; Steel Grill; Lock,2
197265,Roller; Bar Shutter; Manual,2
202485,AC System; Multi-Split; 14kW,2
202486,AC System; Multi-Split; 23kW,2
202487,AC System; Multi-Split; 29kW,2
202488,AC System; Multi-Split; 34kW,2
202489,AC System; Multi-Split; 40kW,2
202490,AC System; Multi-Split; 45kW,2
202491,AC System; Multi-Split; 50kW,2
202394,AC System; Split; 3kW,2
202424,Air Conditioner; Split; 4kW,2
202424,AC System; Split; 4kW,2
202425,AC System; Split; 6kW,2
202426,AC System; Split; 7kW,2
202427,AC System; Split; 8kW,2
202528,AC System; Split; Packaged; 11kW,2
202530,AC System; Split; Packaged; 13kW,2
202531,Package AC System; 14kW,2
202526,Package AC System; 20kW,2
202420,Package AC System; 30kW,2
202532,Package AC System; 40kW,2
202421,Package AC System; 47kW,2
202527,Package AC System; 60kW,2
202552,Package AC System; 87kW,2
203740,Paint; Line Marking,2
203854,Boom Gate; Single lane Two Way,2
197367,Window Frame,2
197366,Window; Timber Aluminium; Double Glazed; Wire Mesh,2
197369,Window; Timber Frame,2
202450,Lift; Hospital; 3 Floors; Hydraulic; 20Pass,2
202451,Lift; Hospital; 3 Floors; Hydraulic; 30Pass,2
202452,Lift; Hospital; 6 Floors; Geared; 20Pass,2
202453,Lift; Hospital; 8 Floors; Geared; 25Pass,2
202448,Lift; Office; 10 Floors; Geared; 20Pass,2
202340,Lift; Residential; 20 Floors; Geared; 17Pass,2
202405,Lift; Retail; 6 Floors; Geared; Variable,2
203811,Decking; Timber,2
197638,Paint; Pavement,2
203872,Park; Footpath,2
203878,Pavement; Asphalt,2
203928,Pavement; Boardwalk; Raised Timber,2
203930,Pavement; Boardwalk; Raised Timber,2
203789,Pavement; Clay,2
203757,Pavement; Concrete,2
203788,Pavement; Concrete; Bricks,2
203759,Pavement; Concrete; Coloured,2
203758,Pavement; Concrete; In-Situ,2
203779,Pavement; Dirt,2
203845,Pavement; Grass,2
203784,Pavement; Gravel,2
203793,Pavement; Pebble Crete,2
203792,Pavement; Sandstone,2
203991,Pavement; Synthetic Grass; Concrete Base,2
203754,Pavement; Synthetic Grass; Plexiflor,2
203992,Pavement; Synthetic Grass; Rubber Base,2
203755,Pavement; Synthetic Grass; Sports,2
203898,Pontoon; 12m x 3m,2
203929,Viewing platforms ($50K),2
203743,Road; Asphalt Concrete,2
203783,Mulch; Bark,2
203791,Planter Box; Concrete,2
203846,Playing Fields,2
203890,Tennis Court,2
204008,Totem Poles; Timber,2
202773,Heat Exchanger; Pool,2
202658,Pool Chlorinator,2
202747,Pool Cleaner; Suction,2
202816,Pool Filter; Sand; Large,2
202819,Pool Filter; Sand; Medium,2
202812,Pool Filter; Sand; Small,2
202815,Pool Filter; Water; Main,2
202821,Pool Filter; Water; Small,2
202814,Pool; Control Panel,2
202818,Pool; Cover,2
202817,Pool; Electric Heater; Large,2
202809,Pool; Electric Heater; Small,2
202333,Pool; Fountain; Motor & Pump,2
202770,Pool; Gas Heater; Large,2
202769,Pool; Gas Heater; Small,2
202771,Pool; Heating Pump; Large,2
202335,Pool; Slide; Motor & Pump; Large,2
202466,Pool; Spa Jet,2
202465,Pool; Spa Spout,2
202332,Pool; Toy; Motor & Pump; Small,2
202813,Pump Set; Chemical Dosing,2
202720,Pump; Pressure,2
202749,Salt chlorinator,2
202864,Tap; Water,2
203944,Tap; Water; Vandalproof,2
202831,Water Tank; Backwash,2
202772,Water Tank; Plastic,2
203768,Garage; Double,2
203770,Garage; Single Modular,2
203906,Garden Shed; Steel Colourbond,2
203876,Gazebo,2
204016,Gazebo; Timber; Painted,2
204009,Pavilion; Timber; Wedding,2
203774,Shed; Garden; Metal; No Slab,2
203903,Wharf; Floating; Concrete 3m wide,2
203904,Wharf; Land-Backed; Concrete 900mm wide,2
204010,Wharf; Timber,2
202422,Fire Emergency Warning System,2
202562,Private Automatic Branch Exchange,2
202563,Public Address System,2
202826,Public Address System Speaker,2
196875,Speaker; Ceiling Recessed,2
196876,Speaker; Plasma Monitor,2
196878,Speaker; Surface Mount,2
202808,Pump Set; 1.1kW; ISO General,2
202433,Pump Set; 15kW,2
202431,Pump Set; 2.2kW,2
202434,Pump Set; 22kW,2
202432,Pump Set; 5.5kW,2
202438,Pump Set; Diesel; 30m Head,2
202883,Pump; Diesel; 4kW,2
202754,Pump; Drainage; Submersible 5.2kW,2
202323,Pump; Hot Water; Circulating; 100W,2
202721,Pump; Small Booster,2
202927,Rotary Vacuum Pump; 170 CFM; High Capcity,2
202320,Strainer; 32mm,2
202319,Valve; Regulator; Back Pressure,2
203763,Drain; Concrete Pit,2
203762,Drain; Concrete Pit Lid,2
203761,Drain; Concrete Pit Lid; Inlet,2
203760,Drain; Concrete; Spoon,2
203798,Drain; Sump Grating; Cast Iron,2
202279,Storm Water System Provision - Lm,2
202885,Storm Water System Provision [$12k],2
203820,Pavement; Concrete; Ramp,2
203801,Stairs; Concrete; Steel Stringers,2
203803,"Stairs; Steel mesh; inc handrail, stringer,tread",2
203882,Retaining Wall,2
203946,Retaining Wall; Brick; 230mm,2
204029,Retaining Wall; Concrete Block,2
204031,Retaining Wall; Concrete Block; Keystone,2
203967,Retaining Wall; Precast Concrete; MiniCrib,2
204028,Retaining Wall; Railway Sleeper,2
204030,Retaining Wall; Stone,2
203902,Retaining Walls; Brick; Gabion Cage Stone,2
204027,Retaining Walls; Timber Sleepers,2
203975,Retaining Walls; Timber; MiniCrib,2
197242,Automatic Door; Stainless Steel; Revolving; 3 Leaf,2
197246,Automatic Door; Stainless Steel; Revolving; 4 Leaf,3
197245,Door; Stainless Steel; Revolving; 3 Leaf,3
197714,Soffit - Asbestos Sheet Lining,2
197284,Paint; Barge Fascia,2
197279,Paint; Soffit Lining,2
197673,Roof; Aluminium Sheet,2
197710,Roof; Bitumen Concrete,2
197670,Roof; Concrete Tile,2
197674,Roof; Corrugated Fibre Cement,2
197704,Roof; Corrugated Polycarbonate Sheet,2
197671,Roof; Terracotta Tile,2
203814,Roof; Thatched Brush; Steel Frame with capping,2
197701,Access Ladder; Galvanised Steel; Painted,2
202884,Drain Cleaner; Snake,2
202634,Grease Trap,2
202845,HVAC; Separator; Air Dirt,2
202880,Meter; Water & Waste; Magnetic Flow meter,2
202753,Pump; Sewage; Submersible Grinder 7.4 kW,2
202886,Seperator; Oil Water; Environmental Seperator,2
202447,Sewage Treatment Plant; 30000L,2
197395,Sharps Container,2
202612,Valve; BackFlow Prevention,2
202612,Valve; Back Flow Prevention,2
202612,Valve; Back Flow,2
202612,Valve; BackFlow,2
202935,Water Treatment Machine; Dewatering Slurry,2
202536,CCTV; Digital Recorder,2
202829,CCTV; Digital Recorder Server,3
202642,CCTV; Fixed Camera; Audio,3
202824,CCTV; Fixed Camera; High Performance,3
202682,CCTV; Monitor,1
197223,Detection System; Contraband,2
197225,Detection; Heartbeat,2
197211,Detector; Narcotics; Sabre 4000,2
202361,Metal Detector System,2
197220,Metal Detector; Portable,2
202364,Microphones & Technology; Security Fence,2
202827,Power Supply; Security; 240V,2
202828,Power Supply; Security; 24V,2
197207,Scanner; Body Scanner,2
202538,Scanner; Metal X-Ray,2
202360,Scanner; X-Ray,2
197193,Security Management System; Servers and Equipment,2
202803,Security Panel,2
197198,Security Panels,2
202458,Security System - Wall Mount,2
202459,Security System [25K],2
202837,Security System; Ceiling Mounted,2
197210,Security System; Keysafe,2
202348,Security System; Master Control & Display,2
197201,Security System; Printers,2
197199,Security System; Workstation,2
202363,Security System; Workstation PC,2
202857,Security; Access Control; Button,1
202457,Security; Access Control; Card,2
202860,Security; Access Control; Keypad,2
197226,Security; Camera,1
202825,Security; Camera; Lift,2
202759,Security; Card Reader,2
202535,Security; Card Reader System; Car Gate,2
202830,Security; Hard Drive (Replacement Only),2
197190,Security; Media Streamers,2
197227,Security; Monitor,2
197188,Security; Network Video Recorder,2
197214,Security; Perimeter Fence Detection,2
202643,Security; Sensor; Motion,2
197189,Security; Video Motion Detection,2
202362,Server; Security,2
202278,Septic System; Allowance,2
202544,Septic System; Tanks; 5400L,2
196978,Chair; Shower; Pan,3
197438,Curtain; Shower,3
202306,Safety Shower Station,1
197408,Seat; Metal Frame; Mounted; Shower,3
197488,Tap Set; Shower,2
203745,Flood Marker,3
203941,Scoreboard; Brick; Cricket,3
203917,Scoreboard; Electronic; Indoor,3
203982,Scoreboard; Electronic; Outdoor,3
204002,Scoreboard; Timber; Steel posts,3
203884,Signage; Advisory,2
203894,Signage; Electronic; Double sided; External,3
204039,Signage; Electronic; One Side; 100-200mm High,3
203893,Signage; Electronic; One Side; 3.6m x 1.8m External,3
203979,Signage; Walking Track,3
197457,Ablution Trough; Stainless Steel; 2.4m Modular,2
197464,Ablution Trough; Stainless Steel; 4.8m Modular,2
197480,Basin; Acrylic; Vanity,2
197463,Basin; Stainless Steel; Vanity,2
197460,Basin; Stainless Steel; Wall Mounted,3
197481,Basin; Vitreous China; Vanity,2
197466,Kitchen Sink,2
197466,Kitchen Sink; Stainless Steel; Double,2
197461,Kitchen Sink; Stainless Steel; Single,2
197484,Sink; Cleaners; Stainless Steel,2
197482,Sink; Cleaners; Vitreous China,2
197484,Sink; Cleaner; Stainless Steel,2
197482,Sink; Cleaner; Vitreous China,2
197494,Tap Set; Basin; Combination,2
197489,Tap Set; Bath; Combination,2
197496,Tap Set; Mixer,1
197490,Tap; Outlet,3
197486,Tap; Push; Timed Flow,2
197491,Sensortap,2
197491,Tap; Sensor,2
197477,Toilet WC; Stainless Steel,2
197533,Wall Partition; Aluminium Vinyl,2
197534,Wall Partition; Office; 2.7m,2
196955,Workstation; Administration; 1 Partition,2
196962,Workstation; Administration; 4 Partitions,2
196963,Workstation; Executive; 1 Partition,2
196969,Workstation; Partition,2
197532,Door Partition; Toilet; Hollow,2
197529,Wall Partition; Glass; Shower,2
197528,Wall Partition; Laminate Board,2
197530,Wall Partition; Terrazzo,2
202941,Radio Room Reciever,3
202940,Radio Tower Installation,3
203973,Park Table - Timber; Steel Frame; Disabled Access;,2
203972,Park Table; Concrete Top; Steel Frame,2
203985,Park Table; Steel Frame,2
203971,Park Table; Timber Steel Frame,2
203848,Park; Bench,2
203981,Park; Bench; Aluminium,2
203995,Sand Pit,2
204021,Seat; Timber Iron Frame,2
204022,Seat; Timber Timber Frame,2
202456,Alarm System; Duress (Manual),2
202882,Inverter; Solar Panel; 25kW,2
202341,Solar Collector; Single Panels,2
202342,Solar Panels,2
202341,Solar Collector; Single panel,2
202342,Solar Panel,2
197241,Automatic Door; Aluminium; Hinge; Double,2
197240,Automatic Door; Aluminium; Hinge; Single,1
197238,Automatic Door; Aluminium; Slide; Double,2
197239,Automatic Door; Aluminium; Slide; Single,2
197259,Door; Steel Grill; Painted,2
197260,Door; Steel; Heavy Duty,2
197261,Door; Swing; Clear; Industrial,2
197243,Gate; Sliding; Vehicle,2
203990,Bins; Fiberglass Cover,2
204033,Bins; Otto; Plastic; 130L,2
204034,Bins; Otto; Plastic; 240L,2
204035,Bins; Otto; Plastic; 600L,2
204032,Bins; Otto; Plastic; 85L,2
204036,Bins; Otto; Steel; Plastic Lid; 1100L,2
197165,Bins; Plastic,1
196910,Bins; Smoker; Floor Standing,2
197060,Bins; Wheelie,2
202943,Compactor; Garbage,2
197132,Compactor; Material; 10kg,2
197401,Disposal Bin; Stainless Steel; Self-Closing,2
197057,Garbage Can; Lid,2
197086,Waste Disposal; Domestic,2
202336,Process Cooling; 23kW; Server Rm,1
202337,Process Cooling; 63kW; Server Rm,2
202338,Process Cooling; 88kW; Server Rm,2
202339,Process Cooling; 8kW; Server Rm,2
202336,Process Cooling; 23kW; Computer Rm,1
202337,Process Cooling; 63kW; Computer Rm,2
202338,Process Cooling; 88kW; Computer Rm,2
202339,Process Cooling; 8kW; Computer Rm,2
202548,Refrigeration Compressor; 280kW,2
197037,Shipping Container; Refrigerated,2
202619,Dehumidifier,2
202616,Humidifier,2
202415,Fire Sprinkler,2
202345,Fire Sprinkler; Automatic,3
197440,Balustrade; Aluminium; 6mm Tough Glass,2
197455,Balustrade; Cast Iron; Heritage,3
197441,Balustrade; Galvanised Steel,2
197446,Balustrade; Powdered Aluminium,2
197448,Balustrade; Stainless Cable Rail; 900mm,2
197439,Balustrade; Stainless Steel; 6mm Tough Glass,2
197452,Balustrade; Timber; 40mm Balusters,2
197456,Balustrade; Vertical Post,2
197445,Hand Rail; Galvanised Steel; 32mm,2
197451,Hand Rail; Galvanised Steel; 64mm,2
197443,Hand Rail; SS,1
197443,Hand Rail; Stainless Steel,2
197454,Hand Rail; Stainless Steel; 64mm,2
197442,Hand Rail; Stainless Steel; Heavy Duty,2
197445,Handrail; Galvanised Steel; 32mm,2
197451,Handrail; Galvanised Steel; 64mm,2
197443,Handrail; SS,1
197443,Handrail; Stainless Steel,2
197454,Handrail; Stainless Steel; 64mm,2
197442,Handrail; Stainless Steel; Heavy Duty,2
197449,Railing; Cable; Stainless Steel,2
197450,Railing; Cable; Stainless Steel Marine,2
203804,Stair Landing; Steel Mesh,2
197447,Stair Nosing; Al Safety Tread,2
202623,Steam Trap,2
197426,Bench; Laminate; Working Bench,2
196967,Bench; Shelves,2
197421,Cabinet; Drug,2
196890,Cabinet; Laminated; Pantry; 600mm,2
197405,Cabinet; Stainless Steel; Paper Towel Waste Bin,2
197414,Cup Board; Underbench; Stainless Steel,2
197422,Cup Board; Underbench; Timber Laminated,2
197417,Cup Board; Underbench;Timber Laminated,2
197419,Cup Board; Wall Hung,2
197409,Cup Board; Wardrobe,2
197414,Cupboard; Underbench; Stainless Steel,2
197422,Cupboard; Underbench; Timber Laminated,2
197417,Cupboard; Underbench;Timber Laminated,2
197419,Cupboard; Wall Hung,2
197409,Cupboard; Wardrobe,2
196923,Executive Combination Wall Unit,2
196921,Executive Credenza,2
196924,Filing Cabinet; 2 Drawer,2
196925,Filing Cabinet; 3 Drawer,2
196964,Filing Cabinet; 3 Drawer; Lateral Steel,2
196953,Filing Cabinet; 4 Drawer,2
196965,Filing Cabinet; 4 Drawer; Lateral Steel,2
196927,Filing Cabinet; 4 Drawer; Security,2
197180,Locker; Gun,2
196902,Locker; Sloping top,2
196960,Locker; Steel; Double Enamel Finish,2
196901,Locker; Steel; Four Tier; Enamel Fnish,2
196959,Locker; Steel; Single Enamel Finish,1
196903,Locker; Two Tier; Sloping top,2
197182,Locker; Weapons; Long arms; capacity 10,2
197181,Locker; Weapons; SIde arms; capacity 30,2
196919,Mobile Shelving; 5 Bay,2
196920,Mobile Shelving; 7 Bay,2
197410,Pantry; Laminated; 0.45m,2
197411,Pantry; Laminated; 0.6m,2
197415,Reception Counter; High,2
197416,Reception Counter; Prestige,2
197413,Reception Desk; Medium,2
197425,Shelving - Particleboard; melamine faced - lm,2
196968,Shelving; Compactus; Electric,2
196931,Shelving; Compactus; Manual,2
196961,Shelving; Double Shelf; Library,2
196891,Shelving; Particleboard; Melamine,2
197424,Shelving; Steel Frame; 4 Adjacent Shelves,2
203905,Shipping Container,2
197582,Ceiling; Acoustic Panel; Upholstered,2
197584,Ceiling; Acoustic Tiles,2
197584,Ceiling; Acoustic Tile,2
197585,Ceiling; Acoustic Tile; Steel,3
197586,Ceiling; Acoustic Tile; Steel; Heavy Duty,3
197578,Ceiling; Aluminimum Panel; Polystyrene,2
197581,Ceiling; Asbestos Sheet,2
197597,Ceiling; Chainmesh,2
197577,Ceiling; Perforated Metal Cladding; Decorative,2
197574,Ceiling; Plasterboard Tiles,2
197574,Ceiling; Plasterboard Tile,2
197575,Ceiling; Plasterboard Tile; Fireproof 2HFR,3
197576,Ceiling; Plasterboard Tile; Heavy Duty,3
197580,Ceiling; Plasterboard; 13mm suspended,2
197592,Ceiling; Timber Board,2
202391,Telephone; Help,3
202761,Telephone; Land Line,2
203960,Utility Pole; Timber,2
202353,Antenna; External,2
202561,Master Antenna Point; Television,2
196869,MATV System,2
202388,Outlet; audio visual; coax,2
202388,Outlet; TV; Coax,2
202388,Outlet; AV; Coax,2
202388,Outlet; Television; Coax,2
202533,Satelite Dish; Mounted; 0.7-1.2m,3
202534,Satelite Dish; Mounted; 1.8-3.2m,2
202428,Room AC Unit; Window; 3kW,2
202429,Room AC Unit; Window; 4kW,2
197230,Seat; Aluminium; Fixed continuous bench,2
197234,Seat; Concert Hall,2
197231,Seat; PolyPropylene; Fixed Back,2
197232,Seat; Polypropylene; Fixed Back; Tilt Seat; Lecture,3
197232,Seat; Polypropylene; Fixed Back; Tilt Seat,3
197232,Seat; Polypropylene; Fixed Back; Tip Up Seat,3
197236,Seat; Upholstered; Writing Tablet,3
203874,Garden Beds,2
203874,Garden Bed,2
203776,Landscaping; Gardening,2
203777,Landscaping; Gardening ; Major Works,2
197042,Counter; Food Display Cabinet; refrigerated,3
197094,Dough Roller; Commercial,3
197041,Refrigerated Food Case; Commercial,3
197472,Urinal; Stainless Steel; 1.2m Modular,2
197473,Urinal; Stainless Steel; 2.4m Modular,3
197478,Urinal; VC,1
197478,Urinal; Vitreous China,2
197183,Safe,2
197178,Safe; Class A,3
197177,Safe; Dual Entry,3
202664,Crane; Engine,3
202695,Engine Analyser,3
202810,Engine Stand,3
202740,Lift; Engine,2
202712,Trolley Jack,3
197536,Wall; Cement Render; Internal,2
197562,Wall; Checker Plate Steel; Galvanised,2
197566,Wall; Concrete Block; Fireproof,3
197569,Wall; Concrete Block; Internal,2
196775,Wall; Concrete; Heavy Duty,3
197565,Wall; Face Brick; Internal,2
197547,Wall; Fibrecement; Heavy Duty,2
197546,Wall; Fibrecement; Internal,2
197561,Wall; Metal Cladding; SS Panel,2
197538,Wall; Metal Panel; Perforated; Decorative,2
197571,Wall; Precast Concrete; Internal,2
197570,Wall; Sandstone; Facing,2
197287,Paint - Metal; 200-300mm girth - Lm,2
197285,Paint - Timber; 200-300mm girth,2
197641,Paint; Acrylic; Timber,2
197286,Paint; General Enamel,2
197643,Paint; Stain; Timber,2
197644,Paint; Stain; Timber; Two Coat,3
197642,Paint; Timber; Polyurethane,2
197649,Paint; Wall Interior,2
197649,Paint; Wall,1
197649,Paint; Wall; Internal,2
197281,Paint; Wall; Masonry,2
197646,Paint; Walls; Masonry; Acrylic,2
197650,Paint; Walls; Plaster; Acrylic Heavy Duty,3
197559,Skirting Board; Aluminium Steel; 150mm,2
197560,Skirting Board; Vinyl; Feather Edge,2
202514,Skirting Duct; Al Powder Coat,2
197573,Wall - Asbestos Sheet Lining,2
196785,Wall Partition; Acoustic Steel,3
197657,Wall; Acoustic Panel; Metal,2
197656,Wall; Acoustic Panel; Upholstered,2
197535,Wall; Acoustic Panel; Vinyl; Operable,2
197655,Wall; Aluminium Panel; Polystyrene,2
197659,Wall; Ballistic Rubber; Ricochet Tiles,2
197660,Wall; Ballistic Rubber; Shooting Blocks,2
197572,Wall; Ceramic Mosaic Tile,2
197568,Wall; Ceramic Tiles,1
197568,Wall; Ceramic Tile,1
197563,Wall; Ceramic Tile; Heavy Duty,2
197654,Wall; Carpet Fabric,2
197654,Wall; Fabric,2
197654,Wall; Fabric Upholstered; Soundproof,2
197544,Wall; Fibreboard,2
197545,Wall; Fibreboard; Heavy Duty,2
197543,Wall; Fibreboard; Vandalproof,2
197552,Wall; Hardie Plank; Internal,2
197412,Wall; Laminate Tile; Splashback,2
197537,Wall; Linoleum; Heavy Duty; Commercial,2
197567,Wall; Marble Tiles; Facing,2
197564,Wall; Marble Tiles; Travertine,2
197558,Wall; Metal; Colourbond; Steel,2
197554,Wall; Particleboard,2
197548,Wall; Plasterboard,1
197548,Wall; Plaster,1
197551,Wall; Plaster; Fire Wall; Heavy Duty,2
197550,Wall; Plaster; Fireproof,2
197549,Wall; Plaster; Heavy Duty,2
197541,Wall; Plaster; ImpactChek,2
197542,Wall; Plaster; ImpactChek; Heavy Duty,3
197539,Wall; Plaster; SoundChek,2
197540,Wall; Plaster; SoundChek; Heavy Duty,3
197556,Wall; Plywood,2
197662,Wall; PVC; Rubber,2
197553,Wall; Timber; Internal,2
197555,Wall; Timber; Shiplap Panelling,2
197661,Wall; Vinyl Sheet,2
202881,Aeration Blower; Waste Water; 3 Phase,2
197495,Sensor; Flush; Motion,1
197474,Toilet WC; Stainless Steel; Pedestal,3
197469,Toilet WC; Stainless Steel; Wall Mounted,2
197470,Toilet WC; Vitreous China,1
202467,Wind Turbine; Aluminium; 3 Blade,2
NA,anUnknown,1
NA,Ceiling; anUnknown,1
NA,Floor; anUnknown,1
NA,Wall; anUnknown,1
202291,Air Handling Unit,2
202637,Smoke Exhaust System,2
202394,Room Air Conditioner,2
202411,Ventilation/Exhaust Fan,2
202425,Split A/C Units,2
202425,Split Air Conditioner - Ducted,2
202425,Split Air Conditioner - Multi Head - Ducted,2
202425,Split Air Conditioner - Non Ducted,2
202470,VAV Unit,2
202546,Mechanical Services Control Panel,2
202580,Distribution Board Med,2
202633,Emergency Lighting,2
202863,Variable Speed Drive,2
197499,Concertina Door,2
197499,Concertina Door; Type 2,2
197499,Door Accordian; 38 STC,2
197499,Horizontal Lifeline,2
197535,Operable Wall,2
197535,Operable Wall; 6 Panels,2
197535,Wall - Operable; Acoustic Vinyl; Manual,2
202546,Heater Control Unit,2
202546,Remote Control - AC - Split,2
202389,Exhaust Fan Vent,2
202389,Exhaust Vent,2
197536,Wall - Cement render; Internal,2
197409,Cupboard - Wardrobe; Cloak,2
197603,Carpet,2
197603,Floor - Carpet; Commercial,2
197654,Ceiling,2
197654,Wall - Carpet; Fabric,2
197654,Wall - Carpet; Fabric (Bench Seating),2
197574,Ceiling - Tile,2
197605,Concrete,2
197605,Cricket Pitch; Concrete,2
197605,Floor - Concrete,2
197605,Ramp; CEPS TR01,2
197605,Ramp; CEPS TR02,2
197605,Ramp; MPS TR01,2
197605,Staircase,2
197607,Floor - Concrete-Epoxy,2
197502,Door; Timber Solid,2
197502,Door; Timber Solid 1.5w x 2.7h,2
197502,Door; Timber Solid 2m h x 1.5m w,2
197502,Door; Timber Solid Sliding,2
197502,Door; Timber Solid; 2.1m h x 1.7m w Sliding,2
197502,Door; Timber Solid; 2400mm h x 1500mm w,2
197608,Floor - Vinyl Sheet,2
197608,Staircase With Nosing,2
197608,Vinyl,2
197609,Floor - Vinyl Tiles; Semi Rigid,2
197655,Wall - Aluminium Panel; Polystyrene,2
197656,Wall - Acoustic Panel; Upholstered Mateterial,2
197544,Wall - FibreBoard; Villaboard,2
197546,Wall - Fibrecement,2
197546,Wall - Fibrecement Wall,2
197548,Wall,2
197548,Wall - Plaster,2
197554,Wall - Particleboard,2
197484,Cleaners Sink; SS,2
197484,Sink; Laundry,2
197361,AC Cage; Wire Mesh,2
197616,Floor - Steel Checker Plate; Galvanised,2
197616,Metal Flooring,2
197619,Floor - Expanded Mesh; Steel,2
197619,Floor - Parquet Block; Select Grade,2
202285,Water Tank Only; Potable Dom / Com 75000 litr,2
202286,Rainwater Tank 27kL,2
202286,Water Tank & Pumps; NON Potable 15000 litre,2
202286,Water Tank & Pumps; NON Potable 27000 litre,2
202339,AC Condenser,2
202339,REFRIG - COMMERCIAL COND UNIT; REF-1,2
202339,REFRIG - COMMERCIAL COND UNIT; REF-2,2
197035,Cool Rooms; 3m x 3m x 2.4m High,2
197035,REFRIG - COOLROOM; COOLRM-01,2
197035,REFRIG - COOLROOM; COOLRM-02,2
197036,Cool Rooms; 3m x 5m x 2.4m High,2
197558,Wall - Metal; Steel Colourbond Internal,2
197560,Skirting,2
197560,Skirting - Vinyl; Featured Edge 100mm,2
197561,Toilet Tray; Wall mounted; Stainless Steel,2
197561,Wall - Metal; Cladding Panels; SS,2
202356,Cool room Thermometer,2
197485,Floor Drain; Stainless Steel,2
202396,Fume Cabinet,2
202396,Fume Cupboard; Chemical Lab,2
202396,FUME CUPBOARD; FUMECUP,2
202416,Fire Indicator Panel,2
202612,Backflow Prev. Device 100MM,2
202612,Backflow Prev. Device 150MM,2
202612,Backflow Prev. Device 20mm,2
202612,Backflow Prev. Device 25 MM,2
202612,Backflow Prev. Device 25mm,2
202612,Backflow Prev. Device 50mm,2
202612,Backflow Prev. Device 80MM,2
197023,Bain Marie 4,2
197463,Drinking Tap & Trough; 1 Tap; Stainless Steel,2
197463,Drinking Tap & Trough; 1 Tap; Stainless Steel Round,2
197463,Sink; Stainless,2
197433,Blind; Roller Blind,2
197433,Blinds,2
203747,Bollard; Metal - Painted,2
203743,Car Park,2
203743,Car Park; Staff,2
203743,Driveway; Car Park,2
203743,Road Way,2
197288,Ceiling - Lining; Fibre Cemen External,2
197288,Ceiling - Lining; Fibre Cement External,2
197594,Ceiling - Fibre Cement,2
197593,Ceiling - Metal; Corrugated,2
197583,Ceiling - Plaster,2
197583,Ceiling - Plaster; 13mm,2
197590,Ceiling - Plywood,2
203787,External Fencing colourbond,2
203787,Fence - Colour Bond,2
197079,Electric Cooker,2
197080,Gas Cook Top,2
197080,Gas Cooker,2
197079,Cook top - Domestic; Electric,2
197429,Curtain Rail,2
202858,DAMPER CONTROL,2
197622,Floor - Sheet; Stud Rubber,2
197622,Tactile Indicator,2
197058,Cook Top - Commercial; 6 Burner Electric,2
197625,Floor - Tiles; Marble/Stone,2
197628,Carpet Tiles,2
197628,Floor - Carpet Tile; Commercial Quality,2
196857,Projector,2
196857,Projector - Ceiling Mounted,2
196857,Projector; CP-X3010,2
203884,Sign; Building Location Sign,2
203884,Sign; Evacuation Diagram,2
203884,Sign; Fire Sign,2
203893,Sign; Front Entry / School Sign; Electric,2
203893,Sign; Front Entry / School Sign; Non Electric,2
202634,Interceptor Trap,2
202634,Plaster Trap,2
203884,Sign; Information,2
197524,Door - Office; Partition Solid,2
203884,sign; School Map,2
203884,sign; Warning,2
207994,Dish Washer,2
197027,Dishwasher; Commercial,2
197400,Hand Towel Dispenser,2
197400,Paper Towel Dispenser,2
197396,Hand Sanitizer,2
197396,Soap Dispenser,2
197396,Soap Dispenser; Small,2
197396,Soap Dispenser; Wide,2
197404,Toilet Roll Holder,2
197399,Toilet Roll; Cased,2
197404,Toilet Roll; Standard; Stainless Steel,2
202580,Distribution Cabinet; Dis Board Med,2
202768,Boiling / Chilled Water Unit,2
202768,Boiling Water Unit Portable,2
197534,Room Partition; Type 1,2
202808,Domestic Water Pump,2
202808,Domestic Water Pump; Type 2,2
202808,Domestic Water Pump; Type 3,2
202808,Under Sink Pump,2
202811,FAN KITCHEN EXHAUST; EF-2,2
202811,FAN KITCHEN EXHAUST; KEF001,2
202811,FAN KITCHEN EXHAUST; KEF002,2
202811,FAN KITCHEN EXHAUST; KEF01,2
202811,FAN KITCHEN EXHAUST; KES01,2
202811,KITCHEN EXHAUST SYSTEM; KES-01,2
202811,KITCHEN EXHAUST SYSTEM; KES-03,2
202811,KITCHEN EXHAUST SYSTEM; KES-08,2
202811,KITCHEN EXHAUST SYSTEM; KES-102,2
202811,KITCHEN EXHAUST SYSTEM; KES-11,2
202811,Range Hood - Domestic; Kitchen,2
202811,Rangehood; Staffroom,2
202822,HWS - Zip,2
202822,Zip Water Unit,2
197090,Stove/Oven,2
197514,Fire Doors,2
197258,Door; Steel Clad Double,2
197257,Door AL; Double Slide; 1.8m,2
197253,Door AL; Single Hinge; 0.9m,2
197520,Door; Timber Core,2
197520,Door; Timber Laminate,2
197520,Sliding Wall - Wood Semi Glaze,2
197128,Laundry Dryer; Front Loader,2
202311,Emergency Eye Wash Sink,2
202311,Emergency Eyewash Station,2
202635,Fan - Ceiling Sweep,2
202877,AIR COMPRESSOR; AIR COMP-1,2
202877,AIR COMPRESSOR; AIRCOMP-01,2
202877,AIR RECEIVER; AIR-01,2
202877,AIR RECEIVER; Tank-1,2
202917,HWS - Commercial; Gas Instantaneous; 32L,2
202918,HWS - Commercial; Gas Storage Cylinder; 340L,2
203765,Fence - Safety; Colourbond,2
203765,Fence - Safety; Pool,2
203765,Internal Fencing; Agora,2
203765,Internal Fencing; For Playground,2
203765,Internal Fencing; Sustainable Garden,2
203765,Internal Fencing; Wetlands,2
203796,Steel Structure [Lm],2
203796,Steel Structure [m2],2
203796,Steel Structure Lm,2
196979,Couch; 1 seater; Leather,2
196979,Couch; 1 seater; Type 2,2
196979,Couch; 2 seater; Leather,2
196979,Couch; 2 seater; Type 2,2
196979,Couch; 2 seater; Type 8,2
196979,Couch; 3 seater; Type 4,2
196979,Couch; 3 seater; Type 7,2
196979,Couch; Multi Seater; Type 9,2
196979,Ottoman; Curve - Shaped With Cushion; Portable,2
196979,Ottoman; L - Shaped With Cushion; Portable,2
196979,Ottoman; Petal Type With Cushion; Portable,2
196979,Ottoman; Round; Portable,2
196979,Ottoman; Small Curve Shaped W/ Cushion; Portable,2
196979,Ottoman; Triangle; Portable,2
196953,Filing Cabinet; 4 Draws; Lockable,2
196804,Potters Wheel,2
196924,Draws - Cabinet; Under Desk; 2 Draws,2
196924,Filing Cabinet; 2 Draw; Lockable,2
196958,Byte Table; Type 1,2
196958,Byte Table; Type 2; Portable,2
196958,Byte Table; Type 3; Portable,2
196958,Desk - Student; 1 Seater; Type 1,2
196958,Desk - Student; 1 Seater; Type 2,2
196958,Desk - Student; 1 Seater; Type 3,2
196958,Desk - Student; 2 Seater,2
196958,Desk - Student; 2 Seater Type 2; Height Adjustable,2
196958,Desk - Student; 2 Seater; Height Adjustable,2
196958,Desk - Student; 2 Seater; Tall,2
196958,Desk - Student; 3 Seater; Tall,2
196958,Desk - Study; With Open Shelf,2
197167,Rack; Chart Rack; Portable,2
197167,Whiteboard - Electronic Hung,2
197167,Whiteboard - Magnetic Hung,2
197167,Whiteboard; Fixed - Wall Mounted,2
197167,Whiteboard; Frame Stand; Portable,2
197167,Whiteboard; Portable - Small,2
202840,Dust Extraction; System,2
202840,Dust Extraction; System; Portable,2
197060,Medium Wheely Bin,2
197060,Recycle Bin; Large,2
197060,Rubbish Bin,2
197060,Rubbish Bin; Large - Cylindrical; With Lid,2
197060,Rubbish Bin; Medium - Cylindrical; With Lid,2
196929,Chair - Adult Swivel,2
196929,Chair - Fabric Adult,2
196929,"Chair - Office Swivel; Arm Rest, Multi - Adjustable; Portable",2
196929,Chair - Office Swivel; Fabric; Adjustable - Portable,2
196929,Chair - Office Swivel; Height Adjustable; Fabric,2
196929,Chair - Office,2
196929,Chair - Office; Type,2
196852,Audio Player,2
196852,CD & Tape Player,2
196852,CD Player,2
196852,DVD Player,2
196852,iPod Dock/DVD Player,2
197169,Guillotine,2
196968,Compactus Unit,2
196968,Compactus; File/Book storage,2
202778,Wood Lathe,2
197162,Laminator,2
202826,PA Speaker,2
202826,PA Speaker; Ceiling Mounted,2
202826,PA Speakerphone,2
202826,Speaker,2
202826,Speaker; Wall mounted,2
202826,Speaker; Wall mounted; Type,2
202757,Alarm Strobe,2
202757,Cool Room Safety Bell,2
202757,Fire Alarm Strobe,2
202757,Internal Siren,2
203807,Flag Pole; Stainless Steel,2
203807,Flagpole,2
197628,Floor - Carpet Tile [HDuty],2
197603,Floor - Carpet; Commercial [HDuty],2
197633,Cricket Pitch; Synthetic,2
197633,Floor - Rubberized; Playground Softfall,2
202711,Bench Saw,2
202711,Cabinet Saw,2
202711,Table Saw,2
197145,Copier Collator,2
197145,Photocopier/Printer/Scanner; Fuji Xerox,2
197145,Photocopier/Printer/Scanner; Model AR-M162,2
197145,Photocopier/Printer/Scanner; Model MP C6004,2
197145,Photocopier/Printer/Scanner; MP C6004,2
197145,Printer Copier Fax,2
197145,Printer; E460DN,2
197145,Printer; FS - 2100DN,2
197145,Printer; Lemark,2
197145,Printer; Model B412,2
197145,Printer; Model FS-1370DN,2
197145,Printer; Model XXX,2
197145,Printer; PS - 1370DN,2
197145,Printer; Xerox,2
196915,Chair; Student; Hard Plastic,2
196915,Chair; Hard Plastic,2
197157,Paper Shredder; Large,2
197068,Pie Warmer,2
202304,Water Cooler,2
196806,Piano Keyboard,2
202650,FIRE BLANKETS,2
197165,Bin - General Small,2
197165,Rubbish Bin; Small Basket,2
197165,Waste Paper Bin,2
196798,Sound System; PA Amplifier,2
197700,Anchor Point,2
202456,Duress Alarm,2
202456,Duress Buttons - Fixed,2
202456,Fire Alarm - Manual Call Point,2
196855,Projector Display Screen; Adjustable,2
196855,Projector Display Screen; Without Rolling Screen,2
196855,Projector Screen,2
202761,Phone,2
202761,Telephone,2
197166,Pin Board,2
197166,Pinboards,2
197701,Fixed Access Ladder,2
196902,Locker; Storage,2
202633,Emergency Light,2
202633,Emergency Light; Square,2
202633,Emergency Light; Triangle,2
202314,Therm. Mixing Valve,2
202314,Thermostatic Mixing Valve,2
197626,Floor - Tiles; Ceramic,2
197443,Hand Rail,2
197443,Handrail - SS: Lm,2
197443,Staircase Handrails,2
202568,HWS - Domestic; Electric 50L,2
202565,HWS - Domestic; Gas 18L,2
202565,HWU - Gas Domestic,2
202565,HWU - Gas/Elect,2
202565,HWU - Internal Gas Domestic,2
202569,HWU - Solar,2
203900,Perimeter Fencing,2
202765,Heater,2
202366,External Lighting,2
202357,Downlights,2
197428,Mirror,2
197496,Tap Set; Including Spout,2
197496,Tap; Mixer Tap,2
197648,Paint; Ceiling Linings,2
197282,Paint; Downpipes Lm,2
197636,Paint; Floor Concrete/Epoxy Finish-m2,2
197649,Paint; Internal Walls,2
197287,Paint; Metal General,2
197279,Paint; Soffit Lining - m2,2
197279,Paint; Soffit Lining 300mm - lm,2
202430,Commercial Range Hoods,2
202430,Range Hood - Commercial; Kitchen,2
202430,Rangehood; Canteen Canopy,2
202805,Roof Rotary Ventilator,2
202457,Card Reader - Door Access,2
202643,Light Sensor,2
202643,Light Sensor; External,2
202643,Motion Detector,2
202643,Motion Detector;,2
202643,Motion Detector;,2
202643,PIR Detector,2
202857,Exit Door Access Button,2
202857,Exit Door Access Button; Emergency Access,2
197425,Book Shelf; Medium Size; Portable,2
197425,Book Shelf,2
197425,Book shelf; Portable,2
197425,Shelving - Exec 3 Tier,2
197425,Shelving; Adjustable,2
197425,Shelving; Bookcase/Desk,2
197425,Shelving; Desktop Shelf,2
203740,Paint; Line Marking L/M,2
197425,Shelving; Under Desk,2
203763,Drain; Type 1; External,2
203763,Drain; Type 2; External,2
203763,Stormwater Pit,2
203763,Stormwater Pits,2
197425,Shelving; Wooden Shelves,2
197438,Shower Curtain,2
197438,Shower Curtain; Incl Track,2
203802,Roof - Shade Sail,2
197466,Joinery - Sink; Double,2
197466,Sink; Kitchen Commercial Dbl; SS (drainer) 2m,2
203854,Parking Station Gate,2
203864,Bike Rack,2
203866,Drinking fountains,2
202866,Light Switch,2
202628,Fluoro Lighting,2
202628,Internal Lighting,2
197079,Stove - Electric,2
197048,Toaster,2
197110,Washing Machine; Front Loader,2
197110,Washing Machine; Top Loader,2
197013,Bed - Portable First Aid; Foldable - On Wheels,2
202497,Trolley Wheelbarrow,2
203908,Fencing Gate; Chain Wire,2
203908,Fencing Gate; Chain Wire; Control Panel,2
203908,Fencing Gate; Chain Wire; Main Entrance Gate,2
203908,Fencing Gate; Chain Wire; Water Pump,2
203908,Fencing Gate; Chain Wire; Water Tank,2
203908,Fencing Gate; Metal,2
203908,Fire Hyd Access Gates-003key,2
203908,Fire Hyd Access Gates-003kye,2
197080,Stove - Gas,2
202575,ELECTRIC SWITCHBOARD; DB - AC1,2
202575,ELECTRIC SWITCHBOARD; DB - AC2,2
196796,Sound System,2
202541,Grass Trimmer,2
196836,Server Cabinet,2
196836,Server Cabinet; TGZK GD/101/3,2
202550,RCDs,2
202575,ELECTRIC SWITCHBOARD; DB - AC3,2
202575,ELECTRIC SWITCHBOARD; GYM-DB-AC4,2
202575,ELECTRIC SWITCHBOARD; MSSB COMMS,2
202563,Bell System,2
202563,Intercom System,2
202563,Microphone - PA System,2
202563,PA System,2
202563,PA System Master,2
202591,Stage Focus Light,2
197062,Freezer; Deep Freezer,2
197197,Audio - Visual Control System,2
197197,BMS CONTORLS; BMS,2
197197,CBUS Light Controllers,2
197197,Dual Pump Controller,2
197197,Gas Control Unit,2
197197,Stage Light Control System,2
202645,Mortice Lock - Electronic,2
196800,Drums,2
196800,Drums Set; Type 2,2
202666,Vertical Milling Machine,2
197123,Scales,2
202676,Welder,2
202677,Leaf Blower,2
202687,Adjustable Angle Saw; Manual,2
202691,Thicknesser,2
202735,Bench Sander,2
202743,Woodwork Jigsaw,2
202758,Emergency Gas Shut Off Valve,2
202762,Parking Intercom,2
202762,Parking Intercom Access Stand,2
197076,Fridge - Bar; 1 Door,2
197076,Fridge - Bar; With Small Freezer,2
202786,Oscillating Spindle Sander,2
202803,Security Control Panel,2
197491,Tap - Sensor; Hands Free,2
197470,Toilet - Bowl; Ceramic,2
197478,Toilet - Urinal; Ceramic,2
197470,Toilet WC; VC with Dual Flush,2
202723,Insecticide Spray tank,2
197569,Wall - Block; Concrete Internal,2
197556,Wall - Plywood,2
197556,Wall - Plywood Cladding,2
197556,Wall - Plywood Cladding 40Yrs,2
197556,Wall - Plywood Cladding Panels,2
197556,Wall - Plywood Panel,2
197556,Wall - Plywood Panel 40 Yrs,2
197556,Wall - Plywood Panel Cladding; 40 Yrs,2
197661,Splashback; Laminate/Tile,2
197661,Wall - Vinyl Sheet,2
203812,Domestic Hot Water Meter,2
197369,Window; Timber; 1 to 2 m2,2
203757,Bitumen carpark,2
197409,Board Room 1 Timber Cabinet,2
197409,Cabinet,2
197409,Cloakroom wardrobe unit,2
197603,Office Carpet,2
197603,Rug - circular,2
197603,Rugs,2
197413,People counter,2
197413,Reception Desk,2
197608,Vinyl flooring,2
197609,Vinyl tiles,2
197700,Roof access harness point,2
197701,10Ft Fibreglass Ladder,2
197701,120kg 4Ft Fibreglass Ladder,2
197701,120kg 6 Ft Fibreglass Ladder,2
197701,120Kg Aluminium Ext Ladder,2
197701,12Ft 150kg Fibreglass Ladder,2
197701,130kg Fibreglass Ext Ladder,2
197701,150kg Fibreglass Ext Ladder,2
197701,6Ft Platform Ladder,2
197701,8Ft 150kg Aluminium Ladder,2
197701,8Ft Fibreglass Ladder,2
197701,Access ladder,2
197703,Lightning Protection,2
197428,Mirrors,2
203791,Food Crt Planter,2
203791,Food Crt Planter Box,2
203791,Planter 320x1050 White,2
203791,Planter 55 x 50 white,2
203791,Planter Fit 80 x 50 white,2
203807,Flag pole,2
196897,Food Court Tables,2
202281,Fire Sprinkler Water Tank #2,2
202284,Fire Sprinkler Water Tank #1,2
202286,Rainwater tank,2
202296,VSD,2
202312,Automatic back wash filter,2
202312,UV filter,2
202312,Water filter,2
202317,Tempering Valve,2
202323,Hot water pump,2
202341,Solar panel mounted on steel pole,2
202512,Hydrant Booster,2
202343,Hydrant Booster Connection,2
202343,Sprinkler Booster Connection,2
202350,Chiller - York Centrifugal,2
202355,Fire Ext Set CO2 - 3.5kg,2
202356,Thermostats - Electronic,2
197237,Bench seat,2
197237,Stainless steel bench seat,2
202813,Dosing pump,2
202401,Compressor - Air  AC,2
202406,AutoWalk,2
202406,Moving Walkway,2
202406,Travelator,2
202408,Escalator,2
197210,Emergency key access cabinet,2
197210,Key cabinet,2
197210,Metal cabinet,2
202438,Fire Pump Make Up Tank,2
202438,Fire Pump Sets Diesel Fuel,2
202440,2829-0-4 - Chiller 1,2
202440,2829-0-5 - Chiller 2,2
202440,2829-0-6 - Chiller 3,2
202440,2829-0-7 - Chiller 4,2
202440,2829-0-8 - Chiller 5,2
202440,Chiller 1 -  York Screw,2
202448,Passenger / Goods Lift,2
203864,Bicycle rack,2
203864,Bike racks,2
197051,Toaster,2
196986,AED,2
196986,Concierge AED,2
196986,Defibrillator,2
196986,Defibrillators,2
202493,Trolley/Pallet Jack,2
197142,Laminating Machine,2
197112,Maintenance Wet/Dry Vacuum,2
197265,RLS - Roller Shutters,2
197265,Shutter Loading Dk,2
197265,Shutter Loading Dock,2
202508,Fire Ext Set DCP - 4.5kg,2
202509,Fire Ext Set DCP - 9kg,2
202508,Fire Ext Set CO2 - 5kg,2
202533,Satellite dish,2
202536,CCTV monitoring system,2
197145,Prinet/Scanner/Photocopier,2
197627,Timber flooring,2
197433,Window Blinds Roll,2
197434,Curtain and rail,2
202561,TV antenna,2
202562,PABX System,2
202584,Uninterruptible power supply (UPS) system,2
202596,Light - Emg (Spitfire),2
202596,Light - Emg - LED Spitfire,2
196851,Board Room TV,2
196851,LCD TV,2
196908,Shelf Bookcase,2
196908,Shelfs Bookcase,2
203923,Bike racks - row of 8,2
207994,Electrolux Dishwasher,2
196924,Draws Cabinet,2
196924,Filing Cabniets,2
196925,Draws Cabinet,2
196925,Filing cabinet,2
202682,Monitor,2
202682,Security monitors,2
202636,Fire Ext Set CO2 - 2kg,2
202637,Smoke Spill Fan,2
202638,CO Sensors,2
202641,Pipework - Hydrant,2
202642,CCTV camera,2
202643,Lighting sensor,2
202646,Motor,2
202650,Fire Blanket Set,2
202658,Sewage pump controller,2
202675,Battery Drill,2
196929,Office chairs,2
196929,Office Chairs wheeled,2
197183,Finance Safe,2
202700,200W Heat Gun,2
196853,DVD player,2
202721,Hydrant Booster,2
202725,3 Wheel Fridge Trolley,2
202726,Radio - M4,2
202729,Rapid Charge Unit,2
202730,Workshop Bench Grinder,2
202734,18V Battery Grinder,2
202738,Wood Plane,2
202740,Ice Rink Lift,2
202740,Skyjack Verticle Mast,2
202740,Spider Lift,2
202741,Essential Srv Generator,2
202742,18V Battery Impact Drill,2
202742,18V Battery Impact Driver,2
202743,Hand Held JigSaw,2
197161,Binding Machine,2
196968,Filing Compactus,2
196932,Cross Mall Stool,2
196932,Stool - timber,2
196932,Stools,2
202759,Proximity reader,2
202760,Air Curtain,2
202761,Phones,2
202761,Telephone Handsets,2
202762,Intercom,2
202762,Video intercom,2
202762,Voice intercom,2
202762,Voice intercom device,2
202767,Maintenance Air Compressor,2
202768,Boiler,2
202768,Boiling water unit,2
197055,Fridge,2
197055,Kelvinator,2
197055,Staff refrigerator,2
197076,Underbench fridge,2
196946,Arm Chairs,2
196946,Armchair,2
196946,Armchair - leather,2
196947,One seater sofa,2
196947,Sofa,2
196947,Sofa - 2 seater,2
196947,Sofa - 3 seater,2
196947,Sofa - two seater,2
197166,Information board,2
197166,Notice board,2
197167,Whitboards,2
196951,Nappy changing table,2
196951,Parents Rm Change Table,2
196953,Filing Cabinet,2
196953,Filing Cabinets,2
196953,Metal cabinet,2
196958,Timber desk,2
197399,Toilet roll holder,2
197406,Electric hand dryer,2
196959,Lockers,2
197085,LG Microwave,2
197085,Microwave,2
202811,Rangehood,2
202811,Ventilation cowls,2
202813,Water Feature Treatment,2
202594,Down lights - wall mounted,2
202594,Downlights,2
202594,Lighting - Downlights,2
202822,Hot water unit,2
202822,Underbench hot water unit,2
202826,Loud Speaker,2
202826,Speakers - small,2
202829,CCTV management server,2
202829,CCTV recording server,2
202840,Makita Dust Extractor,2
202858,Fire Dampers,2
202858,Damper - Fire,2
197495,Urinal flush sensor,2
197171,First Aid,2
202862,Light - Street,2
202863,VSD (CWP),2
202863,VSD drive - cooling tower fan,2
202943,Compactor,2
197713,Harness - Spider Lift,2
197713,Safety Harness Kit,2
202767,"compressed air; compressor, reciprocating",2
197568,walls; wall tiles - ceramic,2
203877,lighting - specialist; security,2
202943,miscellaneous; garbage compactor,2
202425,split a/c units; split air conditioner - non ducted,2
202732,"compressed air; compressor, screw",2
202311,sanitaryware; emergency eye wash,2
202419,emergency power; diesel generator,2
202840,extraction system; dust extraction unit,2
202455,ventilation system; supply air fan,2
197081,domestic kitchen; oven - wall,2
202425,split a/c units; split air conditioner - ducted,2
202471,domestic hot water; domestic hot water unit - electric,2
196836,communications; server,2
202591,lighting - external; high bay light,2
197701,ladder; ladder - fixed,2
202306,sanitaryware; safety shower,2
202813,chemical; pump,2
202291,air handling units; air handling unit,2
202849,heating system; heat exchanger,2
197521,doors; metal - clad,2
202355,portable fire equipment; carbon dioxide fire extinguisher,2
202591,lighting - internal; high bay light,2
202907,storage; above ground fuel storage tank,2
203807,grounds; flagpole,2
202642,cctv systems; camera - static,2
197027,commercial kitchen - wash-up; dishwasher,2
202644,air handling units; electric duct heater,2
197055,domestic kitchen; refrigerator - freestanding,2
202471,domestic hot water; boiler - electric - storage,2
202565,domestic hot water; boiler - gas - instantaneous,2
202471,domestic hot water; electric water heater,2
202808,domestic cold water; pump - general purpose,2
197125,domestic laundry; cleaning utensils,2
202613,indoor air quality; filters - hepa,2
202511,portable fire equipment; foam fire extinguisher,2
202512,fire sprinkler system; diesel sprinkler booster pump,2
202848,heating hot water; boiler - electric,2
202312,water treatment systems; water filter,2
197593,ceilings; metal - corrugated colourbond,2
197271,doors ; metal - roller industrial,2
197704,roof coverings; polycarbonate,2
197253,doors; aluminium - glazed,2
197593,ceilings; metal - corrugated galvanised,2
203760,stormwater drainage; drain - concrete,2
202765,heating system; heater - gas,2
202768,boiling water unit; boiling water unit - wall mounted,2
202554,fire sprinkler system; electric sprinkler booster pump,2
202768,boiling water unit; boiling water unit - underbench mounted,2
202352,cooling tower; cooling tower - wet (open),2
197429,rail; track,2
196788,traffic management; convex mirror,2
202628,lighting - internal; high intensity discharge light,2
202764,safety; scba - self contained breathing apparatus,2
197266,doors; automatic insulated roller door,2
202410,fan coil units; fan coil unit - ducted,2
202425,split a/c units; split a/c unit < 10 kw ducted,2
202352,cooling tower; cooling tower - dry (closed),2
202425,split a/c units; ducted split a/c unit condensing unit,2
202757,fire alarm system; co2 detectors,2
203805,"furniture; shade structure, pergola",2
202425,split a/c units; split a/c unit < 10 kw non ducted,2
202410,fan coil units; fan coil unit - non ducted,2
202652,gantry with electric hoist; gantry crane crab/monorail travel (cross travel),2
197193,security management system; head end hardware & redundancy,2
203740,"roads, paths and paving; line marking",2
197514,fire doors; fire resistant door sets - sliding,2
197535,walls; operable walls,2
202396,fume cupboards; extracting,2
202652,gantry with electric hoist; control panel and pendant,2
197607,floors; sealed surface - acrylic (water based),2
